user_id_submissions,id_assignments,confidence
3,23,60829.05667850529
3,30,77992.66492492858
3,33,74184.77712005582
3,34,53917.3896024496
3,44,32448.830228536153
3,62,184328.2246355432
3,68,37423.37780975198
3,69,37513.02928510146
3,71,35866.92848358973
3,73,28532.41917789135
3,80,27572.529851194857
3,93,34402.92218514822
3,102,71407.46160345706
3,106,145753.29850535167
3,124,52595.69875448583
3,131,152642.0957585948
3,134,34260.306334871086
3,141,103909.06422358238
3,147,57504.934856530126
3,149,64887.66045707231
3,349,275730.0569425573
3,367,125985.43498227297
13,17,35355.469557762066
13,23,66877.2043119446
13,26,29859.829255297118
13,27,4246460.32122585
13,30,86775.22486787097
13,31,7516.822150808607
13,32,110623.98132762912
13,33,86331.58902042801
13,34,59156.0396084191
13,36,37324.786569121396
13,37,92324.48097037451
13,41,30059.694131818163
13,47,32424.863771858825
13,49,44776.25418760778
13,50,188634.16891631673
13,51,32343.007386819183
13,55,22780.684708275337
13,62,166209.7284857489
13,65,146378.4269422614
13,73,29453.3822650226
13,74,35092.74947349034
13,75,28143.910343866366
13,77,32484.25856199307
13,83,60803.40773029669
13,319,175880.15108361503
13,321,118511.56554646761
13,322,171521.87672717276
13,323,134808.9434339719
13,324,199748.9793850881
14,17,37432.79462285552
14,26,29803.745361778678
14,30,87320.96540647294
14,32,10884.393440757556
14,33,79367.77608590595
14,34,54390.51030100444
14,47,6331.365661857126
14,50,150974.3655705589
17,27,131880.90491075927
17,37,97773.02779436599
17,50,128222.08761215297
17,55,22806.878755489302
17,62,151738.63959568358
17,65,146943.22787013568
17,73,29366.169020677393
17,74,38128.37491547639
17,75,29200.445809259065
17,77,44839.795902384074
18,23,54377.25596799262
18,27,146221.05989907894
18,31,7601.321777159087
18,33,89793.18799778333
18,36,36080.05435389328
18,37,91908.56234403793
18,41,34888.84065034981
18,47,39911.014255402544
18,49,38018.37023305285
18,50,126855.33376745765
18,51,33029.704548790054
18,55,22760.35312130788
18,62,163427.32246418775
18,65,171786.3758035419
18,73,28024.61723361416
18,74,36935.562173971186
18,75,28324.76648884714
18,77,31263.9448248533
18,78,62579.3885655255
18,80,29526.45666109663
18,83,44043.59736797452
18,100,447605.19571654114
18,104,85945.93642107409
18,319,145572.6993190831
18,320,128261.21596968584
18,321,90533.52376683232
18,322,166493.19737415074
18,323,450564.7900024139
18,324,138049.05777626188
19,23,53871.83040235524
19,27,120406.0450674534
19,33,100673.34480594902
19,36,36429.05067431492
19,37,111254.85601457281
19,41,33707.96095781011
19,47,37501.88895452356
19,49,34527.92973561627
19,50,233249.11705686687
19,51,30393.639365029427
19,62,151978.55120718695
19,65,292567.73308381136
19,73,28338.255750468168
19,74,40373.89746435826
19,75,28934.21933087329
19,77,30002.8576521843
19,78,41712.779239711745
19,80,27919.424711967018
19,83,40644.15234519665
19,100,208563.89619855874
19,104,88678.37570735578
19,106,122324.32303689176
19,319,175555.84069964103
19,320,123449.37292270994
19,321,91555.03181469804
19,322,160555.5251348789
19,323,13695958.452062424
19,324,163315.3823132475
20,23,52348.92133493815
20,27,131136.14391208565
20,31,8125.500438908049
20,33,75566.51069645383
20,36,35992.75901862187
20,37,85442.01780567356
20,41,28555.844699055233
20,47,35125.79993145974
20,49,34724.94550951979
20,50,121512.4916602744
20,51,34330.273345479654
20,55,26224.289907483464
20,56,279135.21420859994
20,62,159220.96935053624
20,65,140544.21043951475
20,73,29770.196037226957
20,74,36522.96067507662
20,75,28742.051382746416
20,77,28860.543625225746
20,78,41403.1938769584
20,80,28542.147543677333
20,83,41292.86086770428
20,100,281959.150753884
20,104,85309.31540385583
20,106,117377.78540418715
20,163,82433.56705350959
20,164,297551.6853799158
20,319,257442.55923998845
20,320,95128.82527774159
20,321,86539.65803080711
20,322,161712.7566675734
20,323,127643.72784685076
20,324,127987.47537962208
21,17,44464.86535662042
21,23,93322.07826568272
21,26,32897.3155553242
21,27,1739889.448788458
21,30,75814.08322135685
21,32,43265.15051354394
21,33,81003.86346221343
21,34,159285.44562675455
21,36,39700.4787938837
21,37,107405.90444344311
21,41,44579.45118410631
21,47,43432.647966646524
21,49,79807.7015164189
21,50,138843.0551674576
21,51,30025.566432753614
21,62,573156.6728790168
21,65,341098.345530461
21,73,29489.87419447751
21,74,62965.21314031146
21,75,29211.196808229186
21,77,30358.74961735104
21,78,49911.64566254112
21,80,53945.55194163818
21,83,47916.525765923754
21,104,119045.02723612319
21,106,121901.44592120385
21,319,27060.04845210471
21,321,144950.624746054
21,322,177276.1500082958
21,323,319269.7116438765
22,23,59116.85929467716
22,27,294104.1363512126
22,31,7236.193787481606
22,33,83998.68064744108
22,36,36958.50293435705
22,37,89714.54571832102
22,41,34055.20694460475
22,47,32638.28393450456
22,49,35176.55839477146
22,50,177288.4487743565
22,51,29533.784048537935
22,56,318689.5045381059
22,62,164806.78258495257
22,65,151841.17577137807
22,73,29533.784048537935
22,74,39637.010532392334
22,75,30950.907145082238
22,77,33665.05248866274
22,78,45157.977891871844
22,80,28338.255750468168
22,83,44365.40925035633
22,100,657075.947630518
22,104,90545.00375376121
22,106,137380.53798912297
22,319,555212.0784194996
22,320,145808.98550642666
22,321,87014.21172306966
22,322,161217.4768438429
22,323,140761.70832741985
22,324,129854.80957111616
23,31,6867.878209713475
23,37,90545.00375376121
23,47,36445.31143741691
23,55,22361.208959937343
23,163,104026.09901970743
23,164,385309.69244493125
24,17,52296.15277843724
24,23,54636.88622101912
24,26,44797.59933673426
24,31,7224.772201234597
24,33,90771.58246056658
24,36,37574.617664772704
24,37,141056.41516981542
24,41,32409.06561211403
24,49,49778.95098421317
24,51,32671.533863989574
24,55,26033.072843898306
24,65,160141.71155825185
24,73,28665.897033446163
24,74,50374.73856246115
24,75,29136.105636465567
24,77,27889.98144933026
24,78,51636.917663871354
24,80,31487.282219195746
24,83,52750.48231884023
24,104,98176.3150747309
24,106,260827.91561738012
24,163,89021.09601465598
24,321,318603.87223871844
24,322,174607.3518301341
24,323,150428.91325890247
24,324,187283.08955532647
25,23,55994.20441376086
25,31,6870.257051455097
25,33,72321.39991133365
25,36,39074.798527547195
25,41,27945.648738823453
25,49,31853.99021309696
25,50,109759.36993782736
25,51,27579.74103253953
25,55,26599.41360661066
25,62,849371.2308138034
25,65,232371.90852943397
25,73,29822.41656963069
25,83,39255.24199773212
25,319,140109.87053849528
25,320,153884.6877402595
25,321,103648.6022416424
25,322,163450.93805594966
25,323,126125.62773281567
25,324,127299.05139641066
26,34,22494.448314421854
26,44,28631.41466593406
26,69,40335.58273420683
26,131,166125.95870470104
26,142,57547.521822196955
26,144,42624.28339267286
26,147,13413.36569515368
26,149,56778.25352974764
26,334,44735.44579150681
26,340,27591.7353329749
27,14,32448.830228536153
27,15,32924.97148790021
27,35,38653.44967192368
27,325,854064.8457265674
27,327,13114.071452584065
28,14,27916.15016876981
28,15,42868.29639059607
28,35,37423.37780975198
28,36,35047.277574748456
28,37,88921.32397632426
28,47,36720.192942521666
28,50,252888.9537275494
28,121,124650.65524714257
28,123,51544.89470840077
28,163,263898.87594860356
28,164,355899.2705140754
28,174,26074.900955261335
28,325,355416.7199884331
28,326,204770.71381905233
28,327,58064.5290277433
29,50,179731.6349744093
29,163,165704.92799056534
29,325,353131.7241164518
29,326,179587.03552010003
30,14,10719428.99255581
30,15,28695.19403410179
30,35,38255.842022303026
30,36,38819.881015312276
30,37,94150.46974410163
30,44,36260.114349202006
30,47,37391.91588004707
30,50,131614.8906292798
30,65,202087.4337251374
30,121,124352.94669010393
30,123,113353.02300187267
30,164,487914.4259632599
30,174,22891.693085493785
30,321,187504.74742370946
30,325,525530.3717260257
30,326,201165.1916112773
30,327,16364.815870714392
31,14,28755.941121306452
31,15,24514.953928205137
31,35,35460.8170193635
31,36,37579.363609885055
31,37,89021.09601465598
31,44,37797.53474581295
31,47,46397.79389216172
31,50,300130.47207101935
31,65,8336587.457201758
31,121,169246.4876720398
31,123,115316.33222320685
31,164,81154444.52255465
31,174,22038.221871012935
31,325,273997.597317046
31,326,171829.82700716562
31,327,13238.556045385465
32,14,28304.556658016896
32,35,34655.37792053724
32,36,34562.783268688676
32,50,134261.42517313166
32,65,148511.242071679
32,121,103728.62733061977
32,164,315348.0085067515
32,174,20924.841725791845
32,325,284817.3120539741
32,326,192281.33989067722
32,327,9564.83139075814
33,17,36362.26723412638
33,34,51747.99132978304
34,14,32428.830228536153
34,17,34097.78109028675
34,20,17200.362510702955
34,23,60829.05667850529
34,26,48772.29774276638
34,28,4201.417739881946
34,30,93751.1011402738
34,31,8882.660030824587
34,33,183527.05522710367
34,34,60829.05667850529
34,35,34952.23414659871
34,36,34306.46615103497
34,37,157219.43301179731
34,44,32428.830228536153
34,48,64877.66045707231
34,49,173471.3200260245
34,52,31314.550576885467
34,56,194672.9813712169
34,63,184736.87476357684
34,67,41229.91621667689
34,68,35596.58136375325
34,69,38941.82502256873
34,71,44405.13825539057
34,77,115743.12125175529
34,78,149101.8546158878
34,80,32323.007386819183
34,93,43591.88169444506
34,102,83758.42442383761
34,122,73626.68356019343
34,124,66672.29803493063
34,131,186235.78332209316
34,138,162219.15114268076
34,141,33621.75468445562
34,142,63232.28482262655
34,144,47892.644857478605
34,145,55555.10415554939
34,146,64887.66045707231
34,147,55011.94870441482
34,149,55251.93513782472
34,150,64890.66045707231
34,163,97104.61467726875
34,198,56767.95289993827
34,221,20569.62803417638
34,249,39234.5355840445
34,329,110354.84256547265
34,330,24644.138830057236
34,331,71238.75324576578
34,335,44401.41264130442
34,338,41277.388682911165
34,339,20662.61789673635
34,340,28325.00520047598
34,341,29009.499785052685
34,342,22529.077621920893
34,343,66727.49938314084
34,344,63982.57724050587
34,345,58258.373710284526
34,346,224328.31468580622
34,347,86635.6988282264
34,348,249370.6069528901
34,349,246876.58949802912
34,350,65620.4009397004
34,351,55577.86194201899
34,352,362478.40200669627
34,353,175413.7473674517
34,356,335548.7805531641
34,357,14088.295428456444
34,358,50809.706866247296
34,365,500354.16627749766
34,366,426487.5056456131
34,367,207767.69531378587
34,369,286072.89333114144
34,370,139345.65551228172
34,371,208197.98821965558
34,372,84305.72024447788
34,373,1111728.4207059846
34,374,1214325.357986508
35,14,29486.220932911514
35,17,36071.93023743422
35,20,17170.496098485783
35,23,52055.12712449066
35,26,32448.830228536153
35,28,7820.385582872422
35,30,82494.71480888006
35,31,7283.487362092394
35,33,105224.12754162663
35,34,183490.02684857952
35,35,37053.25575032275
35,36,34470.16744957037
35,37,94699.87403513677
35,44,32448.830228536153
35,48,32048.213143251116
35,49,35933.42898815823
35,50,60950.22101631285
35,56,194652.9813712169
35,61,12795.487399564492
35,63,201463.19911859196
35,67,37338.839215574044
35,68,38074.70187327935
35,69,35125.89412756937
35,71,40193.90532430742
35,77,46786.142511502614
35,89,81109.57557134038
35,93,44718.827924809375
35,102,85591.12639684162
35,122,87158.22328260161
35,124,61402.76302809108
35,131,154773.12138312872
35,134,34466.17140709252
35,138,148856.85374949375
35,141,32217.872525023522
35,142,59887.56588198623
35,144,25239.563498253076
35,145,58124.096748373915
35,146,72104.67606649578
35,147,55364.09357818005
35,149,58173.85206693059
35,150,10985.880725699968
35,163,128902.8371260739
35,164,1309025.579153635
35,198,56774.95289993827
35,221,22466.314441309314
35,329,105789.96515609566
35,330,21517.94277269711
35,331,31313.91227596248
35,333,35530.02356216494
35,334,48658.24534280423
35,335,60271.36955869588
35,339,20688.99790184167
35,343,64811.87573085858
35,347,82776.3877539168
35,349,238658.3350507282
35,350,55623.04282497298
35,351,83905.4943904483
35,352,652452.6780491838
35,353,176790.39095993433
35,355,9544249.19322176
35,356,130239.68580883676
35,357,122585.10169124772
35,358,307326.09907751234
35,365,160878.0150747256
35,367,211137.8101344608
35,369,3677935.7860405487
35,370,150774.93848882732
35,371,242797.96613692396
35,372,88611.89771804493
35,373,840698.7769138939
35,374,810788.3911431907
35,385,249717.19021068313
35,386,54966.13147900284
36,14,29250.68496017158
36,17,34239.25191816511
36,20,17204.352539582105
36,23,63616.85686160489
36,26,39347.125064096166
36,28,730.9038813983175
36,30,73288.18727171581
36,31,7007.7598339314445
36,33,83138.03893493692
36,34,67688.6726051433
36,35,35301.08434288373
36,36,35196.53471158694
36,37,97346.49068560846
36,44,34226.604299281156
36,48,101129.57989943502
36,49,31988.09069480879
36,50,121814.6399863185
36,56,873848.7214486706
36,61,9925.863073697805
36,62,159424.10384490507
36,63,326062.77520430065
36,67,42556.83080522355
36,68,35080.33634876283
36,69,34711.98318469695
36,71,34720.08474966044
36,77,814542.6121649037
36,89,81109.57557134038
36,93,55526.71756894846
36,102,92138.14993920611
36,122,108521.76235946552
36,124,57707.65896334085
36,128,40401.309724468614
36,131,195152.80070156787
36,134,35660.57940251413
36,138,394647.5963369859
36,141,115064.75653849884
36,142,77281.36469178827
36,144,701129.0558256673
36,145,56636.27520034005
36,146,61881.814290164475
36,147,56049.039373553234
36,149,118061.57127103377
36,150,30964.093364236665
36,163,160136.8162547465
36,164,590798.2641401038
36,221,20430.530036431577
36,329,84471.6739249099
36,330,38018.61701105562
36,331,29858.570821321624
36,333,40106.400177034164
36,334,12800.34712718356
36,335,43014.93952591727
36,339,21238.691812851128
36,343,63708.309600382556
36,347,82785.99160736668
36,349,236149.41547367445
36,350,55603.53766710326
36,351,82365.51876248392
36,352,358241.87298670335
36,353,18093.801428762174
36,355,1168037.8882273014
36,356,385257.72135174373
36,357,112418.19811051185
36,358,352466.0507681532
36,365,413273.21519126877
36,366,505614.8752774108
36,367,206122.66299815124
36,369,285494.98321099795
36,370,142181.94582986343
36,371,277335.8902998822
36,372,114869.40644256817
36,373,857251.1325684325
36,374,1770268.1579246996
36,385,460543.0659990943
37,14,27325.268042735024
37,17,34586.031702359076
37,20,17224.838145337206
37,23,53115.55638806225
37,26,30072.489064178986
37,28,7076.506668161763
37,30,81133.65843260738
37,31,6959.390439932489
37,33,73005.03120466661
37,34,56623.09285398793
37,35,35121.69007611923
37,36,34489.66916621863
37,37,84471.6740125585
37,44,32222.239496005393
37,48,56055.64411959753
37,49,74333.49918780467
37,50,129775.32091414461
37,52,29207.090717090774
37,61,113553.40579987653
37,63,167709.8496280961
37,67,38498.399821626444
37,68,36106.32558635853
37,69,47008.04142857311
37,71,37194.13682349081
37,77,45110.29939463919
37,78,68981.56530444877
37,80,27566.133959656294
37,93,46941.29186604695
37,102,70786.91622211786
37,122,71908.30546054611
37,124,698163.6163108003
37,131,213808.69836506867
37,138,1416383.8755978607
37,141,28718.581044429113
37,142,76931.48323602552
37,144,44301.67261049228
37,145,55290.45322990189
37,146,56237.91536263423
37,147,55123.92812666273
37,149,59297.816839396735
37,150,62378.57829391082
37,163,86024.13974367914
37,221,20912.294755130028
37,329,92941.51615625808
37,330,22395.49229470638
37,331,32438.830228536153
37,335,41842.18345158369
37,338,41522.57335468692
37,339,20519.90216010621
37,340,27381.93431495731
37,343,70976.0715352583
37,347,82489.30432107828
37,348,265285.9883962036
37,349,233719.69557638845
37,350,56088.69120408663
37,351,89978.57295655289
37,352,372391.042790128
37,353,554781.8150809956
37,355,101788.20160899694
37,356,364862.60083536257
37,357,93615.43146329376
37,358,243328.72671402115
37,365,445394.168789364
37,366,504336.77987227094
37,367,198841.26668395026
37,369,351594.8925941218
37,370,219029.60404261903
37,371,389385.9627424338
37,372,82482.69284249283
37,373,842550.4767778151
37,374,93933.7041588199
37,385,389467.52388172905
38,14,32428.830228536153
38,17,34216.27435090681
38,20,17153.233075517484
38,23,75117.1123467333
38,26,27811.52141248649
38,28,8107.207557134038
38,30,134776.84790353585
38,31,6945.571043343366
38,33,85178.1793499074
38,34,66278.60282084445
38,36,47002.969766572256
38,37,88912.39871290112
38,44,32428.830228536153
38,48,54942.05641164078
38,49,55982.458076929775
38,52,83090.21619489307
38,56,194672.9813712169
38,67,41150.081845093395
38,68,37536.69321505665
38,69,39432.132927650426
38,71,38006.60888579544
38,77,32438.830228536153
38,78,75602.27185316724
38,80,27736.633113573364
38,93,45603.032100937264
38,102,72301.75608810021
38,122,81109.57557134038
38,124,60829.05667850529
38,128,40548.53778567019
38,131,221246.70263157098
38,134,34586.45696963691
38,141,32438.830228536153
38,142,64889.66045707231
38,144,52928.520557864176
38,145,64887.66045707231
38,146,64887.66045707231
38,147,55743.830957988204
38,149,172767.59914051212
38,163,83513.3727571432
38,198,56774.95289993827
38,221,22148.336305246143
38,249,35910.218819742135
38,329,88800.72812673084
38,331,32438.830228536153
38,335,41979.989280713984
38,338,43482.408240803554
38,339,21200.802862104632
38,340,29005.959690408057
38,341,29881.09177873172
38,342,23133.96098920384
38,343,85326.20942464974
38,344,68513.23499230416
38,345,55762.59246543357
38,346,228038.34092140812
38,347,85147.02457048743
38,348,421413.94750187447
38,349,241307.49250142748
38,350,70158.86773096138
38,351,94371.92851291024
38,352,344684.2629067441
38,356,86057.902881349
38,357,16821.595147224692
38,358,227392.0490981296
38,365,412867.71622708766
38,366,462395.8307566402
38,367,53758.67493867817
38,370,41623.75789106798
38,372,77771.67811203688
38,373,128148.38768372746
38,374,970149.4104056006
39,14,29254.28008677076
39,20,17214.33570354626
39,23,54966.62387550755
39,28,6933.206698903981
39,30,85393.55918306347
39,31,7299.507149044295
39,33,85178.1793499074
39,35,35334.671436841054
39,37,93228.53518862829
39,61,109850.68096689528
39,62,170356.3586998148
39,67,34606.586207458895
39,77,5059.269862012365
39,80,28893.130773430843
39,102,94523.857759938
39,131,180930.2646215721
39,141,29802.41656963069
39,145,56428.00981961383
39,146,16092.393282732957
39,149,62148.61048641679
39,343,62899.42921518994
39,351,83239.89934072009
39,352,350885.2977153322
39,353,177847.76998274482
40,386,390944.63108715037
41,14,32428.830228536153
41,17,34751.90176560811
41,20,17228.331584868058
41,23,60829.05667850529
41,30,141077.91879163688
41,31,7019.349524452363
41,33,85160.6793499074
41,34,143928.49281347846
41,36,52903.78203675005
41,44,28130.557974969965
41,48,55766.89386701756
41,49,3131.777616176228
41,52,96354.9361152493
41,63,184320.45435967756
41,67,42987.24406447564
41,68,39726.98393149122
41,69,39379.94091445391
41,71,35558.2926814364
41,77,30463.16746482819
41,78,83667.55195481122
41,80,31182.467818472687
41,102,81109.57557134038
41,122,100498.7264535827
41,124,72387.74661107754
41,128,58703.92723355825
41,131,377621.34437039244
41,134,49718.138398764786
41,142,99861.7147512712
41,144,42675.46479585876
41,145,55610.0378668036
41,146,55812.30033753962
41,147,56188.06657931662
41,149,58024.84091814868
41,163,94883.86501115322
41,198,56774.95289993827
41,221,2078.2508200602506
41,249,35808.25902995516
41,329,85289.70432148437
41,331,32438.830228536153
41,335,42937.28875368488
41,338,44799.1110551427
41,339,20524.627604623627
41,340,32813.782732892956
41,341,14261.710922098267
41,342,20890.34302435109
41,343,67154.61582441852
41,344,31609.029596054614
41,345,21049.22181631064
41,346,111670.08661671123
41,347,82546.5616497299
41,348,533557.2685161284
41,349,234941.92622708302
41,350,57715.08837989476
41,351,175491.27039413093
41,352,348540.6231987964
41,356,37991.87761604428
41,358,243328.72671402115
41,365,78773.50217787031
41,366,90966.75808956414
41,367,63582061.00785382
41,369,308263.88717109343
41,370,219029.60404261903
41,372,35388.298688683506
41,373,1202329.8789734836
41,374,737336.1337318537
42,14,28298.026672647047
42,17,40548.53778567019
42,23,53516.864647132774
42,26,31163.861213796707
42,33,85160.6793499074
42,34,64909.23176163717
42,37,98291.4844975805
42,44,29130.3789377105
42,48,64877.66045707231
42,63,38744.85870879166
42,89,83243.40990590725
42,102,78998.36919509052
42,121,104330.38159871925
42,122,71480.03789203937
42,128,37209.55614207132
42,134,34931.86931753614
42,341,32438.830228536153
42,344,64189.43375770032
42,346,221961.28741704195
42,351,87974.94724960906
42,352,405547.8778567019
43,14,27522.33774811858
43,20,17099.23751759438
43,23,52128.793292952876
43,26,28686.62635061151
43,28,6926.731491411665
43,31,7052.675009954955
43,33,92382.14887314993
43,34,52453.518217874946
43,35,48382.68110544706
43,37,88766.5667785666
43,44,28207.280969810985
43,48,55571.590704477116
43,50,280956.9801817166
43,56,216530.90474208107
43,61,21920.466578055642
43,62,152535.0993958415
43,63,165356.8780217812
43,67,34736.29923002048
43,68,34470.682099994185
43,69,34486.66441843
43,71,35072.06580980762
43,77,29742.75088653701
43,89,74054.99303478887
43,93,35300.935865786945
43,102,73063.85948566647
43,122,70955.46180175693
43,124,52422.711064908355
43,128,34829.8271816052
43,131,152891.8572122764
43,134,34627.1444622391
43,138,148559.32015302553
43,141,54807.82649245277
43,142,62189.21184661488
43,144,41277.83254366178
43,145,55441.52493012004
43,146,57077.978956941624
43,149,55299.73241856646
43,150,64887.66045707231
43,164,303698.54768588464
43,320,104468.03120071796
43,329,94284.58744313174
43,330,22137.58992520718
43,331,77885.46326473035
43,333,29671.099330540837
43,334,493962.11082032777
43,335,46581.01660609356
43,336,52694.07891481803
43,337,295329.9775950445
43,343,62277.10527545255
43,351,82785.99160736668
43,352,359063.89430041873
43,353,174753.97004219427
44,14,27766.34705588861
44,20,17174.472301439255
44,23,54980.16711551197
44,26,28693.54278687178
44,28,7375.278768415381
44,31,7790.507293906954
44,33,77000.69229104494
44,34,63301.0376520367
44,35,35192.36559671687
44,37,92252.91349552525
44,44,31707.674144746055
44,48,59779.654115670855
44,50,200303.90923960757
44,56,223549.652580486
44,61,118177.23857211262
44,62,166231.83906289877
44,63,161998.76196604306
44,67,40548.53778567019
44,68,34768.77366675225
44,69,34663.453081325024
44,71,35393.32245899663
44,77,37946.34898449629
44,89,202963.33550407356
44,93,34956.68638838357
44,102,84533.27560257736
44,122,71483.94937904702
44,124,95031.0538547293
44,128,39442.58793607482
44,131,45159.48726494946
44,134,35121.74762226181
44,138,147509.03894218014
44,141,28017.822059798764
44,142,57736.10281439774
44,144,43689.5089768153
44,145,63037.98324765563
44,146,80470.54661274186
44,147,55652.561667144604
44,149,55389.89999452433
44,150,21093.135914140577
44,164,359121.1408112003
44,320,100779.7982743734
44,329,85401.57518615678
44,330,20981.340487959227
44,331,42330.559701543156
44,333,35397.84957096925
44,334,314911.45404689066
44,335,63794.68011772659
44,336,52246.66306116625
44,337,380861.70039335504
44,343,75390.08198145386
44,351,86336.28273329543
44,352,359213.1422843302
44,353,202780.18892835095
44,356,325551.6264889249
44,357,78711.62608328153
45,14,30300.777702252108
45,17,37090.25905389599
45,20,17136.772455249346
45,23,63508.22158707722
45,26,4752.031917277144
45,28,22559.9472051761
45,30,84275.82520530028
45,31,7043.47902023928
45,33,73451.74848301774
45,34,60829.05667850529
45,35,39717.90400860372
45,36,34453.67140709252
45,37,187850.0414631061
45,44,3867.97312053197
45,48,10450.009718668209
45,49,36504.93400710317
45,56,171274.51506734808
45,63,256901.03660015395
45,67,38201.809765437494
45,68,35875.57819885705
45,69,35355.469557762066
45,71,37953.27787478352
45,77,73396.64513332621
45,93,47186.97186721881
45,102,116808.62366307051
45,122,70168.7782682513
45,124,61725.744758842135
45,131,152393.14869343283
45,134,36862.34274309689
45,141,44260.883889832
45,142,71772.50278494504
45,144,42371.301211460464
45,145,56294.45570935489
45,146,59938.265315112105
45,149,58230.83966001554
45,150,5513.12373500684
45,163,243658.25687163536
45,164,434174.5440914406
45,198,54083.27228840492
45,329,89855.25776523726
45,330,23324.553221842114
45,331,30987.3559674165
45,333,28959.435372026892
45,343,71117.57042545488
45,351,83123.53565096337
45,352,344023.6045305149
45,353,179656.21608975364
45,355,1189069.363756442
45,356,434378.18912066525
45,357,98524.63696128594
45,358,396294.45133183734
46,17,34537.783268688676
46,20,17099.23751759438
46,23,53369.33099482345
46,26,32915.51297506358
46,28,6938.882430143798
46,30,102472.39608094015
46,31,7112.6131286869
46,33,75005.11746919049
46,34,56004.353671329045
46,35,384523.8460633798
46,36,35047.06580980762
46,37,236035.75438995994
46,44,30794.735136733987
46,48,58950.533154143166
46,49,31467.852944538852
46,56,172038.2794873583
46,63,212117.19343193423
46,67,41235.630526870125
46,68,35179.887929832956
46,69,35401.745224710314
46,71,41150.081845093395
46,77,92049.62533416341
46,93,38300.1640508148
46,102,79592.12641549212
46,122,90073.96219919028
46,124,61470.478097855485
46,131,167752.85961486123
46,138,145097.4989252634
46,141,28739.415653788943
46,142,119191.9498834118
46,144,42568.53228524372
46,145,55306.161802348906
46,146,24603.909612964817
46,149,60558.439754643085
46,150,64877.650457072305
46,163,86973.6095487882
46,164,394555.8533330616
46,198,56337.71377006251
46,221,20744.374181782143
46,329,99228.19356687897
46,330,21100.428905306617
46,331,36938.268302024386
46,333,32801.151868920984
46,343,66802.47781402315
46,351,82365.51876248392
46,352,342162.7435090681
46,353,176622.3756653464
46,356,339597.97946120676
46,357,64444.45231580555
47,14,30537.92152579473
47,17,34270.849330949924
47,20,17200.362510702955
47,23,52838.59265179459
47,26,28436.438467951943
47,28,7058.573982045733
47,30,92119.43009276169
47,31,7588.561569425112
47,33,133526.83514632107
47,34,60841.55667850529
47,35,49363.015880631516
47,36,35301.08434288373
47,37,115801.6114841848
47,44,3582.6352125114927
47,48,64889.66045707231
47,49,34743.10470473131
47,50,12104.902858739524
47,56,198523.9915197407
47,61,10561.110497560854
47,63,418161.5884900929
47,67,41633.78013684877
47,68,35125.89412756937
47,69,36442.43681046197
47,71,37712.73855161793
47,77,4973.502896597619
47,89,32657.575556247764
47,93,44128.52015128488
47,102,42092.07136576212
47,122,76956.96789780576
47,124,65903.7602693691
47,128,35154.947101646394
47,131,161120.87646235118
47,134,35125.89412756937
47,138,73477.28479599538
47,141,28666.62635061151
47,142,807143.0410841571
47,144,41992.19302232788
47,145,58755.84775040389
47,146,9405.277242215425
47,149,59312.62340438137
47,150,5958.54395599322
47,163,130030.07678750105
47,164,1701054.9273781152
47,198,56774.95289993827
47,221,3276.103325309965
47,249,34639.23888078994
47,329,105461.60195556107
47,330,98225.56421889372
47,331,32863.68068943585
47,333,26703.311664581262
47,334,61201.68215765469
47,343,63549.402795633534
47,351,85493.88622178836
47,352,396350.7447981829
47,353,214174.32695608342
47,355,1168097.8882273014
47,356,365011.8400710317
47,357,73002.36801420634
47,358,243328.72671402115
47,367,227141.81159975307
48,14,33683.18794942508
48,17,34417.74865888673
48,20,21117.32943428346
48,23,60829.05667850529
48,28,7988.798980456284
48,30,17785.757046970164
48,31,8129.386588863186
48,33,85160.6793499074
48,34,58479.627159636286
48,35,35550.29969973041
48,36,34577.98094432303
48,44,32436.830228536157
48,49,32270.296575760993
48,52,27859.78896772246
48,56,199578.67646092668
48,63,172145.50182461902
48,67,40548.53778567019
48,68,8267.344506779424
48,69,8718.68971071539
48,71,8407.754904738395
48,77,32428.830228536153
48,78,42255.85108399159
48,80,6624.1495324682455
48,89,81114.57557134038
48,93,8678.760813707666
48,102,17007.518900924882
48,122,81109.57557134038
48,124,67807.70847249706
48,131,178413.56625694883
48,134,40548.53778567019
48,141,29034.304646826953
48,142,62479.054564220816
48,144,43556.13775022751
48,145,55838.505904796635
48,146,57222.17225333475
48,147,60183.0225337267
48,149,57932.97773913596
48,150,64877.66045707231
48,163,116261.96028824429
48,198,56774.95289993827
48,221,20761.28667734346
48,329,97326.49068560846
48,330,24708.97620830881
48,331,29672.20724311679
48,335,42280.88417355272
48,338,42270.89541285715
48,339,20536.450736217983
48,340,27340.985151273493
48,341,27974.951803054377
48,342,25303.234209688017
48,343,65574.42187607316
48,344,61631.450988275144
48,345,45317.25447979907
48,346,221224.64720939563
48,347,82997.84143376784
48,348,471732.19706606015
48,349,233827.82329957385
48,350,54954.750893416865
48,351,82422.60437941256
48,352,346348.06521234737
48,353,184286.71371548445
48,355,1191489.621497923
48,356,383083.57812680345
48,357,67474.41530264594
48,358,208599.52344718465
48,365,2347380.52843407
48,366,917387.1801558547
48,367,335426.42471036117
48,369,277744.9762141778
48,370,137461.92872755454
48,371,284745.6733102634
48,372,79934.264795689
48,373,1146230.468602563
48,374,1262712.7887082843
48,385,27742.561902848156
48,414,628737.4358289669
49,14,27589.331534744
49,20,17091.356337186353
49,23,52361.20519408272
49,26,28163.891337519497
49,28,1160.7210466941813
49,31,6948.75473335045
49,33,75493.46609119597
49,34,55272.96960852137
49,35,35397.81968808521
49,37,86686.74133107359
49,44,29647.825402811763
49,48,55558.619120719275
49,50,26888.67041332696
49,61,97499.93411363842
49,62,196471.4704982826
49,67,34736.29923002048
49,68,34594.9339307366
49,69,34426.80700930386
49,71,35022.52435459955
49,77,30327.13749507717
49,89,107638.38704861562
49,93,36694.12958401993
49,102,71682.00869076746
49,122,73935.37443937307
49,124,52410.398333840036
49,128,34813.52528877325
49,131,387387.1300993737
49,134,34615.05848636253
49,138,22400.55339019977
49,141,29664.801044508382
49,142,55538.63912071928
49,144,43593.399581016856
49,145,55216.28620568757
49,146,63867.326732304224
49,149,55222.71620636225
49,150,64887.66045707231
49,164,340527.0227670946
49,320,84692.24607788866
49,329,100111.24945907264
49,330,24594.97207942832
49,331,28396.06902350395
49,333,39584.27312218219
49,334,48665.74534280423
49,335,5794.225466032335
49,336,4452.353778652506
49,337,473330.8701323003
49,343,61809.453284559415
49,351,85005.01560142793
49,352,345784.11827295733
49,353,173915.84684785552
50,17,34960.622662686794
50,20,17367.824683213228
50,23,53781.87922968817
50,28,8107.207557134038
50,30,115208.52045913944
50,33,112107.74095462072
50,34,55363.345091008625
50,36,40548.53778567019
50,44,30999.70498080371
50,49,49507.84187330179
50,52,41504.826363794025
50,56,194672.9813712169
50,69,36545.39160712865
50,71,46610.36746007376
50,78,105853.83188419785
50,80,27508.704087932347
50,93,43118.070931216076
50,102,16249.770064015238
50,131,178468.56625694883
50,141,32363.80101529956
50,142,64889.66045707231
50,144,42066.55900358866
50,145,62223.61015329693
50,146,60167.798999407445
50,147,55799.57793544492
50,149,283132.7196450443
50,221,22537.270598863623
50,331,30736.998789629903
50,335,55074.458149860555
50,338,70194.21376725392
50,339,21276.71633621301
50,340,27307.022703792103
50,341,32941.0947243373
50,342,45854.52373097571
50,343,70732.13548977188
50,344,63549.402795633534
50,345,57193.35417481847
50,346,284282.648400015
50,347,90560.9528303506
50,348,252072.17535311673
50,349,274345.78210254974
50,350,62002.79181237973
50,352,344701.67449570366
50,356,615395.479506916
50,357,97329.36129032422
51,138,162244.15114268076
51,141,34731.02337358268
51,142,229612.40739175046
51,145,64887.66045707231
51,343,78785.20573418301
51,351,125363.53882474388
51,352,427401.24340670306
51,353,264772.7243243342
52,14,28100.634987741338
52,17,35427.36612488921
52,20,17658.93495511433
52,23,52440.85121989807
52,26,35965.12830224614
52,28,7294.21597532868
52,30,94488.63199587456
52,31,7059.201125394061
52,33,93295.99400625493
52,34,53033.42460314947
52,35,38503.32367297212
52,36,4347.2207509309665
52,44,28281.01494176339
52,48,64877.66045707231
52,49,3913.5305045111445
52,52,55922.229696327966
52,56,194672.9813712169
52,63,188952.3316578501
52,67,42764.8069056934
52,68,38982.64345229848
52,69,38275.528030754365
52,71,39044.03179506115
52,77,34409.59132080227
52,78,65081.18458011035
52,80,31689.608425913866
52,89,81109.57557134038
52,93,44651.714828701806
52,102,86980.29633178403
52,122,81109.57557134038
52,124,61751.38803016556
52,128,40548.53778567019
52,131,259574.18323809566
52,134,40548.53778567019
52,141,39946.4899124481
52,144,42548.05277315709
52,145,5783.316192723552
52,146,64887.66045707231
52,147,66491.66822721032
52,149,64887.66045707231
52,163,98186.82685787101
52,198,56774.95289993827
52,221,2722.0644155161435
52,249,34748.470032358884
52,329,85279.50864457837
52,331,47619.92478411993
52,335,45974.79816626318
52,338,41716.92125035845
52,339,20567.254675148357
52,340,28123.910343866366
52,341,30300.07705806834
52,342,2310.089839448388
52,343,105553.73872842375
52,344,62386.03118588194
52,345,58305.993339974695
52,346,232695.40826772235
52,347,83571.37209740435
52,348,520459.89387870906
52,349,243018.83679470624
52,350,63815.933552462775
52,351,86133.72574680387
52,352,398956.6172030703
52,356,393673.8733365059
52,357,7111.804147731737
52,358,24254.36189745984
52,365,57833.03906443382
52,366,392938.8640030332
52,367,28163.717777772395
52,369,308263.88717109343
52,370,219029.60404261903
52,371,389385.9627424338
52,372,85362.85449917542
52,373,1103254.5395241736
52,374,326136.638712047
53,62,157838.20821034454
53,329,91199.17169612744
53,330,2868.842253649473
53,331,30699.22087108229
53,411,4027.464902177836
54,14,27507.820791232498
54,17,34377.92218514822
54,23,56287.14437620563
54,26,31072.41633142498
54,30,73651.08265749154
54,33,101786.79646162807
54,34,54068.84214150376
54,37,85248.93622746944
54,44,29024.948283176855
54,48,57932.97773913596
54,50,304311.9803098761
54,62,223505.02874042405
54,63,160193.58100056063
54,73,27492.793757577252
54,80,27684.93999726216
54,83,25856.63611441598
54,89,76516.20925895065
54,102,73227.74320299167
54,106,145688.67314574972
54,121,106329.15568347638
54,122,87158.76338889012
54,123,187184.57004601046
54,128,40039.00670153626
54,134,40719.34054853946
54,136,179090.2816221009
54,138,164118.9136644648
54,141,27607.760335956296
54,144,41648.96434053946
54,146,57146.55697330499
54,147,55558.07876803276
54,149,55904.12757350624
54,174,72222.69118282315
54,319,139107.43745375602
54,331,30774.735136733987
54,335,87167.02253163503
54,341,33133.92472271037
54,344,62313.37164477372
54,346,221121.81291960756
54,351,83610.54247116766
54,352,354314.1925742881
54,353,225168.99753977518
54,355,104462.10369541589
54,356,346224.0737994251
54,357,73124.49131185513
54,364,274046.421564985
54,365,434103.75037530065
54,366,662557.6283773149
54,367,208235.1022584144
54,368,127269.91885358983
54,369,1229706.3722598613
54,370,245391.2870860179
54,371,567589.3495075249
54,372,110517.16476564437
54,373,1607171.2243440668
54,374,220971.62260602973
54,380,577229.4334131418
54,385,784285.5919304477
55,17,34542.25493822278
55,23,57299.7960392752
55,26,32438.830228536153
55,30,76399.29753115663
55,33,82425.50819523745
55,44,28087.352060895388
55,73,29016.42045907434
55,80,30406.943783187162
55,83,39393.51963939653
55,122,70631.28088403726
55,144,41644.379821636336
55,344,61582.620759367244
55,351,84949.18853930476
55,352,347503.38639880315
56,14,29512.11843792908
56,17,42513.57705046042
56,23,53140.87888614322
56,26,65341.66764020378
56,30,74432.71574066336
56,33,85178.1793499074
56,34,54173.29150925948
56,37,11774.159506681144
56,44,30470.519929974766
56,48,59211.36839932376
56,50,129775.32091414461
56,62,170338.8586998148
56,63,178441.06625694883
56,73,29926.235698284418
56,80,2898.802512452816
56,83,62180.04707235735
56,89,91770.35437917881
56,102,69974.87950763594
56,106,51489.658059157475
56,121,115874.57505907491
56,122,81114.57557134038
56,123,21989.211159575883
56,128,40548.53778567019
56,134,5705.335616113191
56,136,202780.18892835095
56,138,13866.646434288496
56,141,28284.556658016896
56,144,44412.99582087332
56,146,52292.78934070912
56,147,58337.93506977057
56,149,52201.11079513941
56,174,24329.122671402114
56,204,8917.7399947809
56,319,129785.32091414461
56,331,32438.830228536153
56,335,10341.85378585961
56,341,50188.181063320335
56,344,82740.53887435504
56,346,221419.07804366742
56,351,89381.23608533603
56,352,357123.07976101455
56,353,202792.68892835095
56,356,44683.15930939139
56,357,65806.54116038606
56,364,307709.5906141945
56,365,58446.99258077561
56,366,20581669.346336547
56,367,859364.2608363532
56,368,308263.88717109343
56,369,308263.88717109343
56,370,219029.60404261903
56,371,389385.9627424338
56,372,105921.79807124005
56,373,158595.57847632674
56,374,160593.0161425989
56,385,227106.81159975307
57,14,27817.33946179344
57,17,34715.35521671683
57,23,82024.73021966031
57,26,1862516.5005995128
57,30,73477.68741027653
57,33,138988.35068998727
57,34,69121.43949108206
57,37,101578.69662826511
57,44,28996.5825655385
57,48,55963.077384238866
57,50,129775.32091414461
57,62,170338.8586998148
57,63,178441.06625694883
57,73,4859.036273135117
57,80,27808.02693252695
57,83,8683.555208803577
57,89,87970.49892680945
57,102,81109.57557134038
57,106,12599.477895037688
57,121,113553.40579987653
57,122,89984.72791844116
57,123,118168.47375171632
57,128,9586.931578982305
57,134,35841.461728387745
57,136,19428.167990826205
57,138,95818.37482514155
57,141,29034.304646826953
57,144,5616.07129824396
57,146,125543.6870322305
57,147,58024.84091814868
57,149,54872.34142447035
57,174,24329.122671402114
57,319,129785.32091414461
57,331,29198.368540061292
57,335,48665.74534280423
57,341,29062.048374186958
57,344,63174.30849490581
57,346,239620.34388261673
57,351,90426.7885626815
57,352,2331190.400506402
57,353,218133.1793894992
57,355,381597.82481941534
57,356,130050.22275510059
57,357,73002.36801420634
57,364,129453.36876390885
57,365,53937.88050149488
57,366,1283401.5553311433
57,367,3940749.9463005275
57,368,308263.88717109343
57,369,308263.88717109343
57,370,272531.1634208984
57,371,335899.91424571193
57,372,7654.440793385748
57,373,730098.6801420634
57,374,787654.3686972827
57,385,227106.81159975307
58,14,28103.910343866366
58,17,3735.974941616876
58,23,54206.883515336536
58,26,32438.830228536153
58,30,74610.65097837386
58,33,74397.0004696196
58,34,55871.020697557935
58,44,28498.725307713503
58,48,55435.064048929846
58,73,27464.201459804186
58,80,29211.955726705128
58,102,9202.444196739814
58,106,12159.512604479653
58,122,8928.024184400036
58,128,40548.53778567019
58,134,34756.27366675225
58,141,28788.14742054663
58,144,42136.09714671417
58,149,55284.02981950619
58,331,30317.80368581643
58,338,48658.24534280423
58,340,27830.820231018595
58,341,30455.361480300962
58,343,74879.35705315234
58,344,62575.74103257138
58,346,225351.13981898793
58,347,146167.07671739478
58,348,291994.47205682535
58,349,275772.5569425573
58,351,1553016.7079174474
58,352,347869.19369571103
58,353,213094.47739923588
58,364,316732.2523039247
58,365,507561.421574358
58,366,592117.126355814
58,367,21407.925154613633
58,368,29140.47873265151
58,369,314305.5848345756
58,370,228759.811549635
58,372,81122.07557134038
58,373,730098.6801420634
58,374,730098.6801420634
59,341,29175.390893997243
60,23,60829.05667850529
60,26,32438.830228536153
60,33,12057.426985811942
60,44,32428.830228536153
60,62,170338.8586998148
60,174,24329.122671402114
60,331,32438.830228536153
60,341,32438.830228536153
60,344,66586.33149774946
60,346,256646.16225009883
60,351,97932.37809875775
60,352,395991.02439826756
60,365,406542.38518247765
60,366,429598.4956727371
60,367,252016.3519889988
60,368,308263.88717109343
60,369,33190.73811749415
61,14,27610.226614950945
61,17,34707.244190298195
61,23,54108.21077381174
61,26,72299.66543886937
61,30,73460.39275796658
61,33,76130.27953582647
61,34,53983.739569752564
61,37,99867.0918870887
61,44,28433.858395385592
61,48,6945.120656295569
61,62,17094.182868375872
61,63,163252.13983714234
61,73,27876.519028611307
61,80,27791.76883355163
61,83,35435.8170193635
61,89,149439.06762373302
61,102,71510.51143188181
61,106,11846.610568274293
61,121,98960.31476173378
61,122,81041.81684091082
61,123,37458.11202743773
61,128,35699.80797610145
61,134,34817.06362381827
61,136,175807.85194641585
61,138,147490.7704479803
61,141,30226.869979858733
61,144,41431.26331988966
61,146,58388.05719235436
61,147,55838.505904796635
61,149,56361.153674778914
61,174,6009.872991510759
61,319,154713.50726928585
61,331,31027.80278337787
61,335,42026.87591093856
61,341,40440.46464272234
61,344,62715.10606939874
61,346,220711.429673741
61,351,83366.32807766132
61,352,387618.4867841745
61,353,175042.01108463327
61,356,365011.8400710317
61,357,72168.25257698074
61,364,290339.7008065909
61,365,97153.59030488505
61,366,454343.6121512902
61,367,198037.69616286454
61,372,81122.07557134038
61,373,230988.58284407682
61,374,66872.74290936257
61,385,196947.21493532084
62,14,27574.93884619465
62,17,35014.02261448538
62,23,53083.93716658838
62,26,28872.072934173597
62,30,13291.109482738768
62,33,73044.3811292441
62,34,57917.53581948138
62,44,29600.441325441418
62,48,56636.511500936336
62,50,838641.728415946
62,62,148758.13171114278
62,63,33124.4196579297
62,73,27743.10831974451
62,80,28906.643397983156
62,83,25700.591376055083
62,89,85701.76602537508
62,102,69995.32170387982
62,106,129773.01817390406
62,121,103281.96518020752
62,122,113867.63925506284
62,123,113746.53658059645
62,128,35034.66731077239
62,134,34326.285257275485
62,136,215790.5972098149
62,138,207964.59391923016
62,141,32504.20802362431
62,144,42195.884467139804
62,146,74849.81768661343
62,147,55545.10415554939
62,149,55248.35109318622
62,174,24329.122671402114
62,319,122946.22846650433
62,331,30292.354366350097
62,335,49931.55767866783
62,341,243302.14830387174
62,344,62400.583422704985
62,346,220762.64428631114
62,351,83590.95269716386
62,352,350430.3642555538
62,353,187871.8180494253
62,355,201386.45512776042
62,356,365011.8400710317
62,357,75903.1722911244
62,364,300689.51637375593
62,365,92638145.03461453
62,366,580364.3570117268
62,367,1289371.5458216364
62,368,42523.50397031177
62,369,62278.04786903547
62,370,256846.42922229465
62,371,604978.174825338
62,372,138666.6652331648
62,373,3497523.237212794
62,374,194581.36287967782
62,385,250062.421287092
62,386,438059.20808523806
62,414,51132.04603481202
63,14,28024.269079010264
63,17,35001.64746284895
63,23,61049.69147081615
63,26,32428.830228536153
63,30,81807.10473185418
63,33,74708.87828788719
63,34,99832.8747277219
63,37,2397847.354821454
63,44,32408.830228536153
63,48,68998.94022533645
63,50,33478.04233470174
63,62,170321.3586998148
63,63,110121.34611110328
63,73,33774.106873824756
63,80,29126.80930151169
63,83,51855.16052177514
63,89,103855.19760628317
63,102,81109.57557134038
63,106,14439.463944469882
63,121,116116.98917917207
63,122,81109.57557134038
63,123,129755.32091414461
63,128,45725.29237616476
63,134,35486.60711500071
63,136,181075.10566586303
63,138,505039.45713290566
63,141,29335.303667215943
63,144,7814.783044122072
63,146,66668.7045826178
63,147,57091.689398110466
63,149,56287.79459106987
63,174,24321.622671402114
63,319,116177.21858730781
63,331,15206.748410284054
63,335,42777.695283016954
63,341,29223.4973572027
63,344,63136.949052282616
63,346,225738.8166225261
63,351,87154.19861406695
63,352,517198.81917547004
63,353,181340.1278692146
63,355,1744600.0659629344
63,356,352739.77429423394
63,357,65880.02108618083
63,364,278321.0869844406
63,365,642726.179770217
63,366,480678.80966884166
63,367,206429.11936134257
63,368,257572.76295604717
63,369,333546.3112452686
63,370,1010587.1165660116
63,371,500371.99508035765
63,372,93002.18750747052
63,373,1549958.3836455839
63,374,174042.3987446388
63,380,486732.4534280423
63,385,541725.4028196132
64,14,27749.03938401638
64,17,34735.649366426456
64,23,53255.12941906991
64,26,92695.1731670899
64,30,88273.31175134846
64,33,73668.46718166387
64,34,52465.534630726965
64,37,95355.71248833166
64,44,28064.03328965831
64,48,56374.56193962197
64,50,276307.9591442031
64,62,15987.637211880778
64,63,163272.5145064696
64,73,27543.771670575756
64,80,27575.728909266745
64,83,4861.381103425433
64,89,82309.32634512286
64,102,79133.01860138036
64,106,129775.32091414461
64,121,167982.64089029227
64,122,75276.39385392048
64,123,114886.57152502451
64,128,37812.437230274714
64,134,43515.84633363248
64,136,180131.7690987607
64,138,174624.63782120272
64,141,28157.22776926955
64,144,41316.08365408224
64,146,75563.06685335966
64,147,57009.58523035203
64,149,60481.42833900441
64,174,2277.2552893774887
64,319,120998.23734566089
64,331,35467.03572805793
64,335,45563.81873878953
64,341,28872.072934173597
64,344,62233.64128913233
64,346,221482.15172773693
64,351,82776.3877539168
64,352,353639.88945492153
64,353,185526.29526947995
64,355,1288617.0149656124
64,356,782414.7443123454
64,357,73002.36801420634
64,364,2806905.5463458537
64,365,486277.5764301793
64,366,550951.1558311734
64,367,198983.7506768083
64,368,306052.52632199845
64,369,309996.6079217272
64,370,21361.369044983963
64,371,389385.9627424338
64,372,86751.6071547707
64,373,205292.48438703036
64,374,798696.4646450205
64,385,225228.92695386204
64,386,483981.75981172576
64,414,94076.11312309344
65,14,45952.15479689483
65,17,40536.03778567019
65,23,95946.10467266166
65,26,32428.830228536153
65,30,11824.15748700917
65,33,219355.53141113708
65,34,89174.88426218982
65,37,97306.49068560846
65,44,32408.830228536153
65,48,64857.66045707231
65,50,129775.32091414461
65,62,170321.3586998148
65,63,34655.51515946114
65,73,5148.632873536912
65,80,47932.35867713992
65,83,4709.465568695215
65,89,81109.57557134038
65,102,126521.39265299196
65,106,11897.808785919977
65,121,119844.30701108664
65,122,81109.57557134038
65,123,12316.161723669838
65,128,76238.90480989811
65,134,40548.53778567019
65,136,202755.18892835095
65,138,23293.662580335655
65,141,33324.3522913089
65,144,96833.44802944075
65,146,75086.06698567512
65,147,80429.74820858358
65,149,9509.854004749508
65,174,24321.622671402114
65,319,62357.57772031248
65,331,2992.455958477769
65,335,17529.436364533267
65,341,18204.927859279745
65,344,65703.2600265241
65,346,48822.138690049214
65,351,397878.32396045636
65,352,405485.3778567019
65,353,174282.8115993982
65,355,135092.11165004238
65,356,50915.569016017915
65,357,6985.865752346127
65,364,902150.7434064382
65,365,59449.700138932974
65,366,44258.85031203139
65,367,59318.70368154532
65,368,308263.88717109343
65,369,308263.88717109343
65,370,52016.62691243203
65,371,389385.9627424338
65,372,21923.641952687394
65,373,206042.82831627986
65,385,41204.181744429734
66,14,28250.93761847973
66,17,62766.70871760412
66,23,5577.515196532726
66,26,32438.830228536153
66,30,85160.6793499074
66,33,124957.49197012061
66,34,43141.03428391111
66,37,47529.38935231652
66,44,4002.9253253790866
66,48,9860.002026143395
66,62,17516.72690766285
66,73,27473.72562029419
66,80,32438.830228536153
66,83,40548.53778567019
66,106,129785.32091414461
66,122,69704.28452155416
66,128,35729.47468952351
66,134,34650.953081325024
66,136,202780.18892835095
66,141,27827.561759729957
66,144,48663.24534280423
66,174,26063.592846240423
66,319,32461.115060192868
66,331,28576.711416834474
66,341,31771.34405844612
66,344,62025.039902514174
66,346,222688.3768320959
66,351,86117.5454328026
66,352,373732.57888683386
66,365,51002.4434862307
66,366,468916.36742861866
66,367,210950.68346735934
66,370,84324.99660010166
66,371,339049.89635359053
66,372,7706.685275829118
66,385,43494.24427119399
68,14,27403.00623353114
68,17,42175.691768024466
68,23,53568.27831104413
68,26,32438.830228536153
68,30,107648.09977014964
68,33,72894.67797428693
68,34,12615.584704571338
68,37,84752.67017547756
68,44,30249.20987732154
68,48,64427.013473657564
68,50,14637.500797720706
68,62,170321.3586998148
68,63,171941.88037011502
68,73,27765.795352238558
68,80,28604.528145004988
68,83,28056.77261524508
68,89,78114.33474397975
68,102,69382.77079936127
68,106,129775.32091414461
68,121,105641.03805459767
68,122,69044.40083989073
68,123,129755.32091414461
68,128,35026.40651366205
68,134,35217.3951011964
68,136,19756.989929375402
68,138,92321.11792605433
68,141,28460.672601891194
68,144,5457.463888822325
68,146,142882.54967505444
68,147,55936.99626029887
68,149,65820.13095214943
68,174,21453.39610875374
68,319,15114.547872816434
68,331,32428.830228536153
68,335,49598.40500184639
68,341,33115.462809201425
68,344,61795.17529013218
68,346,220328.07592025492
68,351,83551.80066544595
68,352,356480.7940251413
68,353,277687.25587739836
68,355,2711044.108880264
68,356,37586.476026104974
68,357,71550.90633065376
68,364,161046.98118823458
68,365,812725.3159365954
68,366,472838.60083532176
68,367,55628.960459270646
68,368,32413.314843572007
68,369,89886.98545495176
68,372,51938.345619686435
68,373,64448.78511150228
68,374,738862.0346793032
68,385,23646.95763778606
69,14,27886.33114623371
69,17,35669.46325062247
69,23,60829.05667850529
69,26,32438.830228536153
69,33,83309.03028312833
69,34,62887.06272305822
69,37,143330.15151228412
69,44,31380.05067646227
69,48,61553.53757608902
69,73,28443.643197239177
69,338,42968.31540788242
69,339,21794.363951187475
69,340,29111.84630604578
69,341,32620.171504463702
69,343,64374.701106036286
69,344,65262.4847041555
69,346,236131.65328877303
69,347,87661.63138279977
69,348,282704.6603282124
69,349,247238.87128445497
69,350,58894.05478675164
69,351,14624.68162601902
69,353,346778.3092197642
69,364,277854.34329561476
69,365,40789.49521396601
69,366,447627.8787913503
69,367,209940.6129678945
69,368,310977.17751669924
69,369,307342.09607735224
69,370,225263.7228289486
69,372,93074.92269726144
69,373,121961.4220786044
70,14,6607.698927145728
70,17,8303.805289495709
70,23,15707.218915889729
70,26,32448.830228536153
70,30,16295.317047040673
70,33,17810.69858223477
70,34,12643.764526048819
70,37,21026.728172652496
70,44,6840.258387881327
70,48,64877.66045707231
70,73,6985.358396973075
70,80,32438.830228536153
70,106,29037.132815953235
70,141,6494.623981852734
70,144,11298.7884587902
70,149,13215.367860416434
70,319,129775.32091414461
70,338,10418.891123560144
70,339,24329.122671402114
70,340,32438.830228536153
70,341,32448.830228536153
70,343,15733.976244786067
70,344,15746.44326905638
70,346,259550.64182828923
70,347,20892.135852186533
70,348,63294.052494072195
70,349,275772.5569425573
70,350,64887.66045707231
70,351,97331.49068560846
70,352,405547.8778567019
70,353,202780.18892835095
70,364,316343.5947282275
70,366,100105.90905016634
70,367,227141.81159975307
70,368,87267.81948479396
70,369,34761.802621174254
70,372,81122.07557134038
70,373,730098.6801420634
70,374,60722.66552409284
71,26,28335.135405943052
71,30,102505.3571629226
71,50,14654.523642305887
71,62,50464.22766781204
71,63,217939.81318429112
71,73,30077.704902025926
71,80,29768.82522018506
71,83,48167.848914564966
71,89,81109.57557134038
71,106,146829.9192680764
71,121,109489.5097612425
71,122,1192967.7066133155
71,123,114761.85023634257
71,136,209349.59356699328
71,138,162219.15114268076
71,141,28217.39834694397
71,144,42752.18892276403
71,147,55799.20677234652
71,149,61891.814290164475
71,174,8023.062959636929
71,319,989432.9060467551
71,331,3623.790330194437
71,335,55699.23458254628
71,341,38226.984479140134
71,344,63458.95414795201
71,346,232980.31595917852
71,353,176832.44472746077
71,355,1401193.1419640677
71,356,344094.8171988811
71,357,72994.86801420634
71,364,317958.61491436866
71,367,271171.25442316826
73,26,30975.242464154722
73,33,415627.46901967976
73,34,58308.63610620145
73,48,56501.87523695946
73,50,129795.32091414461
73,52,31950.895610425647
73,63,30147.397523547173
73,77,32647.049837473307
73,78,163368.34978421507
73,123,230363.70561554647
73,325,514859.2222079723
73,330,24326.622671402114
73,331,138032.58158711618
73,346,244286.07676561904
73,347,10297.656448170605
73,352,847998.7733671296
73,353,188395.39283891977
73,364,275021.18962754967
73,411,3981.5383139499445
74,15,22032.71689911007
74,23,53077.617837065474
74,31,7678.771954593125
74,47,3865.1288903137765
74,74,6197.3288141274015
74,78,390514.319659546
74,89,109725.13619228412
74,122,11578.235023100591
74,124,9519.462226998272
74,140,126126.10400523833
74,147,56207.98391076616
74,167,10520.280628741037
74,169,10761.967891660917
74,172,10569.001841177593
74,326,199307.87137698973
74,329,86531.13384791589
74,338,41653.559076024576
74,339,27133.834032165127
74,340,27886.33114623371
74,341,30087.51126686335
74,342,22602.583682999906
74,343,79041.11837222704
74,346,225859.18677555176
74,347,83551.80066544595
74,348,1012703.0820704775
74,349,238461.28717158723
74,350,56364.47676943551
74,351,85020.01560142793
74,352,360145.4322655829
74,353,229467.53395775225
74,361,23069.031807179927
74,364,307456.63099076966
75,15,6680.501575354646
75,23,54584.281851210246
75,31,2320.221220481157
75,47,46692.92965926828
75,74,5937.668992097862
75,78,5144.821224129299
75,89,82773.53577847875
75,122,118316.84874772237
75,124,10425.302536886944
75,140,133487.05694657227
75,147,71995.56495376411
75,167,10900.35034723089
75,169,10733.416897326055
75,172,10514.066740237697
75,326,187425.16369266246
75,329,107677.49519310959
75,338,41736.45607622539
75,339,24321.622671402114
75,340,27951.922075158014
75,341,32428.830228536153
75,342,24326.622671402114
75,343,72979.86801420634
75,346,31367.492964581477
75,347,92246.75698902256
75,348,291949.47205682535
75,349,242058.66560055915
75,350,64877.66045707231
75,351,9582.364651611588
75,352,39531.67138320625
75,361,23737.229553199464
75,364,39458.84458719657
76,15,20268.018892835094
76,23,57116.302775564305
76,31,7266.56474197748
76,47,3519.5859152030093
76,78,218452.18036216765
76,122,21868.965845296072
76,124,15435.511270505098
76,167,11763.126604982745
76,169,10811.64215476235
76,326,1098781.100073184
76,338,42121.072953083254
76,339,21193.241276887005
76,340,29144.666230322873
76,341,36040.49598494712
76,342,21353.06069625804
76,343,72979.86801420634
76,346,226383.3836813447
76,347,83738.1000703716
76,348,253865.81659180802
76,349,43611.78998955222
76,350,55649.07099131377
76,351,99975.03721206282
76,352,349606.2266268679
76,364,276562.3430255211
77,26,33180.16963740021
77,30,890304.3364151195
77,33,14939.205998104604
77,34,53299.692902861476
77,48,63168.695356072414
77,50,162662.3747419057
77,52,3386.824818007703
77,59,20185.824238539735
77,62,29034.20273795742
77,63,34996.295060150784
77,77,480094.4848984751
77,78,52528.93469016821
77,123,129755.32091414461
77,329,901313.7203819993
77,331,36047.80268257337
77,346,223590.23387694234
77,347,156183.14496662878
77,352,490983.39274999034
77,353,240617.90495726623
77,364,396415.8267686875
78,15,43209.49352310753
78,23,80280.64873943324
78,31,12955.456639240101
78,47,50806.026505047645
78,74,66917.35134423968
78,78,86283.7931079948
78,89,68064.37962932947
78,122,82684.24517527243
78,124,63900.5279896013
78,140,795873.4655837772
78,147,70441.89389565171
78,167,13246.508466467314
78,326,299404.7944152822
78,329,137602.03647949736
78,338,43041.46818154922
78,339,28532.619773474842
78,340,31693.83344186441
78,341,34652.02139065262
78,342,31612.153092510634
78,343,75333.38884416636
78,346,263747.173503214
78,347,118678.58555956837
78,348,300206.3605407777
78,349,292186.03129013523
78,350,12494.846872648235
78,351,98306.42447493094
78,352,457659.4984859009
78,353,39542.038372199815
78,361,32873.787083021896
78,364,661455.293226361
78,385,394720.00013026054
79,15,46114.057021109555
79,23,58273.28062142185
79,31,9877.524585102916
79,47,37822.828076172984
79,74,40971.98539857032
79,78,65247.79930098614
79,89,40280.39422454025
79,122,70913.54388746436
79,124,70298.1767910273
79,140,12943.548999920496
79,147,67415.02206283674
79,167,10745.078545076918
79,169,10819.527350315098
79,326,44852.58464463394
79,329,86415.83430781144
79,338,41824.589510260055
79,339,26860.731440304484
79,340,34226.302484937376
79,341,6946.239462950896
79,342,20919.748359675283
79,343,104461.89190947275
79,346,219895.21445987158
79,347,2261164.9743592297
79,348,249138.42110181024
79,349,239790.5975518424
79,350,58712.338041354786
79,351,82699.63703998605
79,352,712620.3771928769
79,353,97402.09879812409
79,361,46114.33246768317
79,364,281530.16625075403
79,385,236186.8526237548
80,15,20268.018892835094
80,23,14984.050549776355
80,31,7310.36824795692
80,47,5419.980180226622
80,74,384270.7916049804
80,78,4561.430920277918
80,89,81109.57557134038
80,122,72513.36146269189
80,124,247745.46334870037
80,140,248206.27485253487
80,147,108019.02100736267
80,167,11209.189720006252
80,169,10652.487804430917
80,326,25612.757126453558
80,329,112904.21394294006
80,338,48643.24534280423
80,339,22661.507453115988
80,340,32428.830228536153
80,341,60938.30456387005
80,342,5154.2324374777545
80,343,72979.86801420634
80,346,264011.0454640956
80,347,89729.65558143801
80,348,291949.47205682535
80,349,1887720.9285891154
80,350,58639.96483307271
80,351,97316.49068560846
80,352,405485.3778567019
80,353,224624.76061141674
80,361,23849.4161833189
80,364,316311.0947282275
80,385,230881.53995897993
81,26,3139.9706514888517
81,30,170107.85845903202
81,33,81126.7000022913
81,34,58541.047692591725
81,48,6206.546200742989
81,50,164958.52380226558
81,52,32408.830228536153
81,59,64885.66045707231
81,62,16508.34534551051
81,63,17078.496720424053
81,77,3109.075360996864
81,78,4657.886659655607
81,123,110779.75998904865
81,325,31250.675673415106
81,329,9306.1437552761
81,330,21261.419674933528
81,331,3127.343939870797
81,346,24719.05518347011
81,347,9731.484897651144
81,352,39781.1611588846
81,353,1271740.1631148602
81,364,30775.7642267117
83,33,83598.97012723453
83,34,183407.11599339652
83,52,71222.22337028023
83,59,77528.60186755881
83,62,56760.69400737971
83,63,178413.56625694883
83,77,30009.354572045322
83,78,11882.27090912268
83,123,213228.7308455112
83,329,97326.49068560846
83,330,24326.622671402114
83,331,32428.830228536153
83,346,230134.40734779328
83,347,97331.49068560846
83,352,69538.71061083404
83,353,2181936.388172531
83,364,316343.5947282275
84,15,18149.469959322898
84,23,55654.8344908419
84,31,7159.748479226454
84,47,70621.85332404243
84,74,175501.4232188368
84,78,54829.74526531018
84,122,72143.86047486844
84,124,62539.484231033246
84,140,522069.5674407342
84,147,70964.65480057013
84,167,10528.992404696019
84,169,11316.056849906945
84,326,203833.65183769833
84,329,142395.1270178547
84,338,41893.39530960507
84,340,28170.576837389457
84,341,31109.01380270243
84,343,65606.58404210025
84,346,239731.25960904203
84,347,84212.47145167972
84,348,287480.2028710421
84,349,241048.55573167183
84,351,95711.06159502357
84,352,355627.9969973041
84,361,174128.9731775319
84,385,616284.2810399234
85,15,21971.747119708423
85,23,62000.37543149346
85,31,10873.990833726602
85,47,36486.93400710318
85,74,4509.260526619861
85,78,130801.68481461449
85,89,112367.19978539049
85,122,153567.05196931455
85,124,97638.4196429015
85,140,12174145.290722156
85,147,194027.2635505388
85,326,1725259.8800900525
85,329,162887.39370507095
85,338,43366.05365286013
85,339,21085.447856228326
85,340,30432.499926263656
85,341,31469.117347397154
85,342,27541.855225650437
85,343,64444.97311182363
85,346,227574.6970891175
85,347,85350.71927935298
85,348,366410.8132130796
85,349,249674.0450033901
85,350,71166.33974313016
85,351,89831.31882297934
85,352,382630.2803075437
85,361,171806.8012228604
85,364,1461199.382497765
85,385,244091.89627297848
87,15,18234.2388962567
87,23,52018.68708795005
87,31,6992.092003042336
87,47,6215.440018411984
87,74,51924.16781743019
87,78,43877.606156406284
87,89,72187.65117271706
87,122,127252.21686684163
87,124,85911.39285904175
87,140,366395.83627789863
87,147,57043.76659435099
87,167,10323.808948368174
87,169,10350.222651437418
87,172,10345.410125983612
87,174,21312.328850963957
87,326,166752.1385374492
87,329,84262.1459061665
87,338,41349.20093948444
87,339,21538.935783321835
87,340,27550.157195648466
87,341,28656.257945858964
87,342,22328.82313896853
87,343,74070.89371061056
87,346,229800.89235226798
87,347,88593.34522098457
87,348,254802.56561791428
87,349,238771.08006747175
87,350,56227.91536263423
87,351,82930.31719929542
87,352,398796.0899792649
87,353,256382.5284933432
87,361,892365.1744696721
87,364,296197.3218021319
87,385,286689.5525767714
89,15,20255.518892835094
89,23,60816.55667850529
89,31,8107.207557134038
89,47,4641.41049041638
89,74,40548.53778567019
89,78,7513.5404916836305
89,89,81109.57557134038
89,122,4467146.333304756
89,124,15645.330029993002
89,140,17072.428616400106
89,147,68178.23276775549
89,326,17051.2705868132
89,329,11433.584676356157
89,338,526401.5439442245
89,339,2164.353341813393
89,340,32438.830228536153
89,341,32428.830228536153
89,342,24326.622671402114
89,343,72979.86801420634
89,346,23013.33872082996
89,347,97316.49068560846
89,348,291949.47205682535
89,349,303771.54397962074
89,350,138879.68230842904
89,351,123981.00657381251
89,352,405485.3778567019
89,353,202755.18892835095
89,364,316343.5947282275
89,385,227106.81159975307
90,26,28977.6699859394
90,30,73313.71610947154
90,33,73090.51608720778
90,34,53178.90791559827
90,48,56287.782675038994
90,50,653337.3421324254
90,52,32281.047779574892
90,62,150406.60392758847
90,63,163578.74577083875
90,77,32651.049837473307
90,78,45120.849249555584
90,123,146994.00074347085
90,325,256788.52776942152
90,329,94584.57800392876
90,330,21147.96812905801
90,331,35053.92176255289
90,346,225738.8166225261
90,347,90331.67262470459
90,352,347766.0104196537
90,353,196433.60231237495
90,364,278856.4316901626
90,411,3439.2748658886735
91,15,6783.385994208366
91,23,52776.057429128
91,31,7329.3031502567155
91,47,6496.571437429374
91,74,85220.29438009333
91,78,123169.4483416622
91,89,81109.57557134038
91,122,72030.25282635294
91,124,75588.31725790218
91,140,204006.7758478085
91,147,56448.09759220333
91,167,10901.685361593803
91,169,10705.016781312928
91,172,10522.768238270814
91,326,177738.3655518411
91,329,95355.71248833166
91,338,41785.37321849115
91,339,24219.20421287924
91,340,28137.227854677443
91,341,29328.06456395459
91,342,21632.783461978972
91,343,74900.31891531653
91,346,221044.74989733158
91,347,84944.29946654142
91,348,268986.0233561855
91,349,357287.6850211473
91,350,56893.67427227937
91,351,82785.99160736668
91,352,348091.743272418
91,353,217526.8671969553
91,361,33641.8426928152
91,364,323501.25557055074
91,385,234029.16619320624
92,167,11742.95646633205
92,338,50084.817502790465
92,339,22047.05816846885
92,340,28040.9604734098
92,341,3961.385543718955
92,342,21038.23948588457
92,346,32708.64144957964
92,348,295826.3735060604
92,349,319266.9404039433
92,350,7215.616884511475
92,351,133273.99784903924
92,352,416971.5615402216
92,353,176584.45221009315
92,364,488203.0400221303
93,26,30478.7914366198
93,30,78305.59726854866
93,33,399163.1736236337
93,34,62411.96421096029
93,48,62226.171014542066
93,50,13862.77011166176
93,52,32154.267789305337
93,56,232279.0705194001
93,59,104538.0183063488
93,62,152128.6154643125
93,63,185707.08918474842
93,77,31194.743870127866
93,78,46190.03858932244
93,123,297565.4914738129
93,325,303698.8105162562
93,329,85957.69110033849
93,330,22184.40074943003
93,331,30009.354572045322
93,346,221921.28741704195
93,347,83797.10412511033
93,352,405485.3778567019
93,353,23847.159432158278
93,364,278822.9123319904
93,411,3588.624321795073
96,15,20268.018892835094
96,23,38466.15475508834
96,31,8214.78456136018
96,47,55529.32514511412
96,74,3535.7323840610206
96,78,308516.4762100101
96,89,25275.452769984422
96,122,70405.56065444673
96,124,67176.82860076122
96,140,77544.15978042949
96,147,72104.67606649578
96,167,10895.013553392497
96,169,10820.842666384198
96,172,10467.079666768006
96,326,37086.714769341714
96,329,123452.0726834784
96,338,43636.741446375214
96,339,24329.122671402114
96,340,31330.420742017493
96,341,30223.02676711228
96,342,29115.166972747207
96,343,65759.78598040919
96,346,233294.52103857868
96,347,200254.84307530383
96,348,270926.4252610814
96,349,242436.0080259917
96,350,61349.25016851885
96,351,89786.10674340476
96,352,430182.64719892794
96,353,202780.18892835095
96,361,222844.20056849456
96,364,183837.4189360694
96,385,132206.87389575964
98,26,28694.312121032814
98,30,78789.67052881612
98,33,85393.55918306347
98,34,98653.22758523033
98,48,72447.10034242891
98,50,112189.9038274199
98,52,28778.611435937146
98,62,218992.85997933923
98,63,15798.537571428884
98,77,27759.309560359638
98,78,9011.388207168047
98,123,12890.965986243686
98,325,291979.47205682535
98,329,85157.35029462146
98,331,29320.829030180823
98,346,222844.80177452252
98,347,21416.492124865053
98,352,19547562.059143998
98,353,205782.3391065288
98,411,3712.090269875547
100,63,1238803.0171154023
100,77,31475.615269469497
100,78,99730.71608209045
101,26,28669.71324789305
101,30,76250.04969792075
101,33,73142.26609454311
101,34,52732.3851712253
101,48,55203.4706659498
101,50,120401.2743783249
101,52,34650.31545369843
101,62,148422.68893820903
101,63,155721.64669955877
101,77,33259.12967865636
101,78,65107.05741567931
101,123,135329.38065008508
101,325,253265.19309479732
101,329,88914.55646395784
101,330,22030.942906401462
101,331,33894.48704803545
101,346,221161.81291960756
101,347,84227.47145167972
101,352,355690.4969973041
101,353,188276.1425115864
101,364,316343.5947282275
101,411,5001.955037686019
103,62,170321.3586998148
103,329,97306.49068560846
103,331,32435.83022853615
104,62,178831.61198368264
104,78,48736.34621047375
104,329,84702.35530898761
104,331,30777.751447115115
