id_assignments,3,13,14,17,18,19,20,21,22,23,24,25,26,27,28,29,30,31,32,33,34,35,36,37,38,39,41,42,43,44,45,46,47,48,49,50,51,52,54,55,56,57,58,59,60,61,62,63,64,65,66,68,69,70,71,73,75,76,77,78,79,80,84,85,87,90,93
14,0.0,0.0,0.0,0.0,0.0,0.0,0.0,0.0,0.0,0.0,0.0,0.0,0.0,10.849909584086799,54.54545454545455,0.0,1.3755158184319118,25.5863539445629,35.60830860534125,0.0,30.8499095840868,17.804154302670625,19.704433497536947,305.7142857142857,30.8499095840868,19.672131147540984,30.8499095840868,55.19061583577713,122.44897959183673,68.96551724137932,13.468013468013469,0.0,12.605042016806722,27.125890736342043,100.84033613445378,0.0,0.0,62.5531914893617,153.20754716981133,0.0,57.34104046242774,99.4059405940594,81.52249134948096,0.0,0.0,126.95652173913045,134.48818897637796,85.28301886792451,106.29834254143645,43.3604032483898,56.69724770642201,204.38356164383563,0.0,20.267397553312385,0.0,0.0,0.0,0.0,0.0,0.0,0.0,0.0,0.0,0.0,0.0,0.0,0.0
15,0.0,0.0,0.0,0.0,0.0,0.0,0.0,0.0,0.0,0.0,0.0,0.0,0.0,1.4191106906338693,1.1372251705837755,0.0,1.6844469399213924,2.2404779686333085,0.0,0.0,0.0,0.0,0.0,0.0,0.0,0.0,0.0,0.0,0.0,0.0,0.0,0.0,0.0,0.0,0.0,0.0,0.0,0.0,0.0,0.0,0.0,0.0,0.0,0.0,0.0,0.0,0.0,0.0,0.0,0.0,0.0,0.0,0.0,0.0,0.0,0.0,0.0,0.0,0.0,0.0,0.0,0.0,0.0,0.0,0.0,0.0,0.0
17,0.0,45.31722054380665,18.796992481203006,0.0,0.0,0.0,0.0,7.2992700729927,0.0,0.0,4.906771344455349,0.0,0.0,0.0,0.0,0.0,0.0,0.0,0.0,76.53061224489795,580.5555555555555,42.44011976047904,263.0952380952381,125.0,290.27777777777777,0.0,103.53403141361257,26.0623869801085,0.0,0.0,45.54794520547946,133.69565217391306,236.26760563380282,163.88888888888889,0.0,75.26150627615063,0.0,67.37288135593221,178.0612244897959,122.79411764705883,33.56164383561644,107.41758241758244,12.669202829071303,0.0,0.0,108.33333333333334,83.82352941176471,84.52380952380952,105.21390374331551,38.5623869801085,16.243448964312453,33.84433962264151,0.0,12.836096795877214,0.0,0.0,0.0,0.0,0.0,0.0,0.0,0.0,0.0,0.0,0.0,0.0,0.0
20,0.0,0.0,0.0,0.0,0.0,0.0,0.0,0.0,0.0,0.0,0.0,0.0,0.0,0.0,0.0,0.0,0.0,0.0,0.0,0.0,93.18181818181819,103.94736842105263,91.96428571428571,77.15517241379311,106.25,89.1025641025641,85.48387096774192,0.0,152.11864406779662,102.31958762886597,121.15384615384615,152.11864406779662,93.18181818181819,29.385964912280706,161.36363636363637,52.606951871657756,0.0,35.36585365853659,0.0,0.0,0.0,0.0,0.0,0.0,0.0,0.0,0.0,0.0,0.0,0.0,0.0,0.0,0.0,0.0,0.0,0.0,0.0,0.0,0.0,0.0,0.0,0.0,0.0,0.0,0.0,0.0,0.0
22,0.0,0.0,0.0,0.0,0.0,0.0,0.0,0.0,0.0,0.0,0.0,0.0,0.0,0.0,0.0,0.0,0.0,0.0,0.0,0.0,43.07228915662651,39.19039145907473,41.556291390728475,33.081896551724135,15.648614609571787,0.0,50.0,0.0,0.0,0.0,25.11643431552147,40.09054325955734,45.833333333333336,59.403669724770644,0.0,19.28119349005425,0.0,44.633507853403145,0.0,0.0,0.0,0.0,0.0,0.0,0.0,0.0,0.0,0.0,0.0,0.0,0.0,0.0,0.0,0.0,0.0,0.0,0.0,0.0,0.0,0.0,0.0,0.0,0.0,0.0,0.0,0.0,0.0
23,103.44827586206897,8.683068017366137,0.0,0.0,33.39517625231912,38.96103896103896,81.44796380090499,4.540867810292634,15.037593984962408,0.0,31.14186851211073,23.19587628865979,0.0,0.0,0.0,0.0,0.0,0.0,0.0,0.0,188.22429906542055,121.69491525423729,112.30769230769229,162.5423728813559,26.274864376130196,97.58620689655173,49.7029702970297,54.00977995110025,97.29729729729729,28.616852146263913,75.72755417956655,99.64601769911503,79.21052631578948,220.0,80.71748878923768,59.82300884955752,0.0,197.5,41.92448233861144,38.73048907388138,71.13636363636364,25.44299969761113,54.81624758220504,0.0,26.274864376130196,55.85657370517929,72.47813411078717,32.50868658790827,68.64864864864865,24.39453125,10.202381353931258,53.16546762589928,0.0,4.484287559190702,0.0,0.0,0.0,0.0,0.0,0.0,0.0,0.0,0.0,0.0,0.0,0.0,0.0
24,0.0,0.0,0.0,0.0,0.0,0.0,0.0,0.0,0.0,0.0,0.0,0.0,0.0,0.0,0.0,0.0,0.0,0.0,0.0,0.0,25.18731988472623,50.99150141643059,13.129102844638949,73.73134328358209,52.54972875226039,0.8445351537757759,33.24016182420007,52.54972875226039,80.91370558375635,78.4313725490196,10.60070671378092,1.5756302521008403,13.230429988974642,20.8312935851845,75.78947368421052,0.0,0.0,67.20910384068279,57.20841300191204,59.51219512195122,49.79253112033195,65.82496413199425,87.9245283018868,0.0,0.0,120.17817371937639,59.801980198019805,40.444142865955214,90.99150141643058,45.81113801452784,86.42066420664207,21.019974500637485,0.0,20.816882232811437,0.0,0.0,0.0,0.0,0.0,0.0,0.0,0.0,0.0,0.0,0.0,0.0,0.0
26,0.0,15.483870967741938,15.789473684210527,0.0,0.0,0.0,0.0,7.941760423560556,0.0,0.0,3.4954849985435477,0.0,0.0,0.0,0.0,0.0,0.0,0.0,0.0,0.0,13.103180760279285,10.849909584086799,4.4493882091212456,24.388489208633093,72.82722513089006,0.0,0.0,20.8010801080108,26.7260579064588,26.607538802660752,0.2039636944623857,7.920792079207921,31.914893617021278,0.0,40.67796610169491,0.0,0.0,15.63380281690141,48.368794326241144,20.8499095840868,20.968523002421307,33.888888888888886,38.48998459167951,0.0,20.8499095840868,101.63265306122449,43.62204724409448,50.303030303030305,93.61963190184049,30.8499095840868,41.08963093145871,59.603960396039604,0.0,10.849909584086799,54.09090909090909,0.0,0.0,0.0,0.0,0.0,0.0,0.0,0.0,0.0,0.0,0.0,0.0
27,0.0,5.632480638347806,0.0,31.434184675834974,21.476510067114095,57.210965435041714,32.30148048452221,5.854372484449323,8.713015066255219,0.0,0.0,0.0,0.0,0.0,0.0,0.0,0.0,0.0,0.0,0.0,0.0,0.0,0.0,0.0,0.0,0.0,0.0,0.0,0.0,0.0,0.0,0.0,0.0,0.0,0.0,0.0,0.0,0.0,0.0,0.0,0.0,0.0,0.0,0.0,0.0,0.0,0.0,0.0,0.0,0.0,0.0,0.0,0.0,0.0,0.0,0.0,0.0,0.0,0.0,0.0,0.0,0.0,0.0,0.0,0.0,0.0,0.0
28,0.0,0.0,0.0,0.0,0.0,0.0,0.0,0.0,0.0,0.0,0.0,0.0,0.0,0.0,0.0,0.0,0.0,0.0,0.0,0.0,10.130758837118075,12.615518744551002,10.032863026903865,11.79765395894428,7.7124773960217,27.045454545454547,0.0,0.0,27.857142857142854,14.354136429608129,10.2635046113307,26.393442622950822,19.146341463414632,12.295332823259372,10.049622045420712,7.7124773960217,0.0,10.050505050505052,0.0,0.0,0.0,0.0,0.0,0.0,0.0,0.0,0.0,0.0,0.0,0.0,0.0,0.0,0.0,0.0,0.0,0.0,0.0,0.0,0.0,0.0,0.0,0.0,0.0,0.0,0.0,0.0,0.0
30,168.47457627118644,20.3751617076326,19.798868636077938,0.0,0.0,0.0,0.0,62.37623762376238,0.0,0.0,0.0,0.0,0.0,0.0,0.0,0.0,0.0,0.0,0.0,0.0,32.62241958713394,44.33134582623509,158.75560538116594,47.58595988538682,25.16236925322306,39.512578616352194,24.79504400185271,0.0,0.0,0.0,41.113193403298354,29.38679245283019,33.530534351145036,18.217376451833296,0.0,9.479386096900392,0.0,32.25409836065574,152.97752808988764,72.76315789473685,123.48314606741572,162.53036437246965,118.77659574468086,0.0,0.0,163.57142857142856,18.064344196212623,63.3273381294964,53.85098743267505,35.51017102876393,45.98101265822785,45.69972826086956,0.0,35.667783171864066,46.87335092348285,0.0,0.0,0.0,0.0,0.0,0.0,0.0,0.0,0.0,0.0,0.0,0.0
31,0.0,14.457831325301205,0.0,0.0,13.071895424836601,0.0,8.432888264230499,0.0,22.944550669216063,146.34146341463415,23.529411764705884,141.1764705882353,0.0,0.0,0.0,0.0,0.0,0.0,0.0,0.0,25.85080448561677,40.618556701030926,65.97701149425288,70.30150753768844,75.93406593406594,26.13422818791946,63.63636363636364,0.0,58.095238095238095,30.78167115902965,59.473684210526315,51.08808290155441,33.18681318681318,28.38574423480084,83.4920634920635,0.0,0.0,51.383177570093466,0.0,0.0,0.0,0.0,0.0,0.0,0.0,0.0,0.0,0.0,0.0,0.0,0.0,0.0,0.0,0.0,0.0,0.0,0.0,0.0,0.0,0.0,0.0,0.0,0.0,0.0,0.0,0.0,0.0
32,0.0,5.401755570560432,0.45729964559277464,0.0,0.0,0.0,0.0,1.2152514051344372,0.0,0.0,0.0,0.0,0.0,0.0,0.0,0.0,0.0,0.0,0.0,0.0,0.0,0.0,0.0,0.0,0.0,0.0,0.0,0.0,0.0,0.0,0.0,0.0,0.0,0.0,0.0,0.0,0.0,0.0,0.0,0.0,0.0,0.0,0.0,0.0,0.0,0.0,0.0,0.0,0.0,0.0,0.0,0.0,0.0,0.0,0.0,0.0,0.0,0.0,0.0,0.0,0.0,0.0,0.0,0.0,0.0,0.0,0.0
33,97.22222222222221,27.534965034965037,36.04118993135012,0.0,17.61744966442953,12.401574803149606,65.89958158995816,35.274356103023514,24.08256880733945,0.0,16.908212560386474,294.39252336448595,0.0,0.0,0.0,0.0,0.0,0.0,0.0,0.0,180.16129032258064,167.91139240506328,113.55361596009975,199.0625,28.481012658227847,93.98876404494382,45.98101265822785,179.03846153846152,15.885022692889564,49.84177215189874,164.0983606557377,110.0,124.48863636363637,81.12005856515374,67.02127659574468,9.927513394264103,0.0,38.78378378378378,47.06896551724138,37.49228791773779,28.481012658227847,42.408278457196616,107.5,0.0,11.0197162184458,93.0110497237569,36.82038834951456,116.39534883720931,152.10037174721188,37.716688227684344,19.791409034698482,195.46610169491524,0.0,7.718521897810219,0.0,0.0,0.0,0.0,0.0,0.0,0.0,0.0,0.0,0.0,0.0,0.0,0.0
34,47.97441364605544,18.71880199667221,41.58964879852125,0.0,0.0,0.0,0.0,1.9483893314859717,0.0,0.0,0.0,0.0,0.7870985797243405,0.0,0.0,0.0,0.0,0.0,0.0,184.42622950819674,74.55947136563876,87.84916201117319,53.69897959183674,142.5578034682081,119.64285714285714,0.0,32.84358047016275,24.51923076923077,94.53781512605042,13.266509433962264,97.11538461538461,53.80921895006402,91.76557863501485,45.12522361359571,33.48214285714286,45.25109170305677,0.0,118.63207547169812,70.36290322580645,0.0,56.61764705882353,34.81675392670157,54.52755905511811,0.0,0.0,71.583850931677,46.55172413793104,30.260696750058454,117.21311475409837,31.011220945765427,13.67838064313397,13.009545485427,0.0,13.010458732247379,0.0,0.0,0.0,0.0,0.0,0.0,0.0,0.0,0.0,0.0,0.0,0.0,0.0
35,0.0,0.0,0.0,0.0,0.0,0.0,0.0,0.0,0.0,0.0,0.0,0.0,0.0,14.299332697807435,18.844221105527637,0.0,15.479876160990713,42.13483146067416,93.16770186335404,0.0,87.5,45.77562326869806,71.29629629629629,66.4568345323741,0.0,70.18072289156628,0.0,0.0,30.76923076923077,75.33557046979865,36.904761904761905,26.57563025210084,30.51065393093314,64.16449086161879,68.22766570605188,0.0,0.0,34.66275659824047,0.0,0.0,0.0,0.0,0.0,0.0,0.0,0.0,0.0,0.0,0.0,0.0,0.0,0.0,0.0,0.0,0.0,0.0,0.0,0.0,0.0,0.0,0.0,0.0,0.0,0.0,0.0,0.0,0.0
36,0.0,19.35483870967742,0.0,0.0,30.0,25.906735751295333,31.25,11.980830670926517,21.551724137931036,0.0,18.115942028985508,13.250883392226148,0.0,0.0,58.36575875486382,0.0,13.863216266173751,18.094089264173704,108.69565217391306,0.0,212.5,139.61864406779662,75.16722408026756,144.04761904761904,18.703473945409428,0.0,29.799999999999997,0.0,0.0,0.0,153.2051282051282,82.0342205323194,71.29629629629629,126.35135135135134,0.0,26.0623869801085,0.0,25.19334381686474,0.0,0.0,0.0,0.0,0.0,0.0,0.0,0.0,0.0,0.0,0.0,0.0,0.0,0.0,0.0,0.0,0.0,0.0,0.0,0.0,0.0,0.0,0.0,0.0,0.0,0.0,0.0,0.0,0.0
37,0.0,31.126482213438734,0.0,21.82952182952183,32.24155578300921,13.530927835051546,80.97686375321337,15.014299332697808,40.025412960609906,36.62790697674418,8.550488599348535,0.0,0.0,0.0,43.994413407821234,0.0,27.10843373493976,43.44827586206897,0.0,0.0,24.991082045184303,26.119402985074625,28.481012658227847,124.27966101694915,61.43305439330545,28.978840846366143,0.0,38.74072825354012,44.871794871794876,31.31212723658052,6.370070778564205,5.506030414263241,12.209302325581396,0.0,61.886051080550104,0.0,0.0,0.0,119.22459893048128,0.0,35.45259270966537,35.83527357392317,0.0,0.0,0.0,54.69981238273921,0.0,38.48297213622291,59.98017446471055,63.48101265822785,18.824865410497978,131.92307692307693,0.0,18.237048996209463,0.0,0.0,0.0,0.0,0.0,0.0,0.0,0.0,0.0,0.0,0.0,0.0,0.0
41,0.0,14.492753623188406,0.0,0.0,6.237006237006236,7.12166172106825,29.197080291970803,3.522160258291752,6.829823562891292,0.0,8.559201141226819,52.40174672489083,0.0,0.0,0.0,0.0,0.0,0.0,0.0,0.0,0.0,0.0,0.0,0.0,0.0,0.0,0.0,0.0,0.0,0.0,0.0,0.0,0.0,0.0,0.0,0.0,0.0,0.0,0.0,0.0,0.0,0.0,0.0,0.0,0.0,0.0,0.0,0.0,0.0,0.0,0.0,0.0,0.0,0.0,0.0,0.0,0.0,0.0,0.0,0.0,0.0,0.0,0.0,0.0,0.0,0.0,0.0
44,10.849909584086799,0.0,0.0,0.0,0.0,0.0,0.0,0.0,0.0,0.0,0.0,0.0,27.71362586605081,0.0,0.0,0.0,5.499541704857929,4.899959167006942,0.0,0.0,30.8499095840868,53.392857142857146,6.696428571428571,28.79765395894428,30.8499095840868,0.0,80.40404040404042,57.26708074534162,77.61755485893417,49.60768614891913,0.17074073020118952,11.799410029498524,0.15961055025737203,50.91901728844404,54.883720930232556,51.131725417439704,0.0,81.37931034482759,61.54398563734291,63.16546762589928,52.698412698412696,61.857923497267755,69.55665024630542,0.0,30.8499095840868,71.0077519379845,56.75977653631285,50.8499095840868,83.32129963898919,50.8499095840868,20.17516713864479,53.51351351351351,0.0,20.27494558368656,0.0,0.0,0.0,0.0,0.0,0.0,0.0,0.0,0.0,0.0,0.0,0.0,0.0
46,0.0,14.018691588785048,0.0,0.0,22.79635258358663,29.761904761904763,22.44668911335578,0.0,8.943210612609928,0.0,16.524373450839988,28.011204481792717,0.0,0.0,0.0,0.0,0.0,0.0,0.0,0.0,58.776978417266186,84.249547920434,44.4816253361219,98.32898172323759,0.0,0.0,0.0,0.0,0.0,0.0,0.0,0.0,0.0,58.11621368322399,0.0,0.0,0.0,0.0,31.059452969116947,0.0,74.249547920434,74.249547920434,0.0,0.0,0.0,43.392857142857146,74.91017964071857,56.39683238011439,70.249547920434,43.11397135146357,0.0,84.249547920434,0.0,0.0,32.03845892505266,0.0,0.0,0.0,0.0,0.0,0.0,0.0,0.0,0.0,0.0,0.0,0.0
47,0.0,24.59016393442623,0.23511432434021043,0.0,5.891016200294549,7.4719800747198,10.685663401602849,12.79317697228145,22.140221402214024,8.577555396711936,0.0,0.0,0.0,0.0,8.253094910591471,0.0,7.570977917981072,4.033613445378151,0.0,0.0,0.0,0.0,0.0,0.0,0.0,0.0,0.0,0.0,0.0,0.0,0.0,0.0,0.0,0.0,0.0,0.0,0.0,0.0,0.0,0.0,0.0,0.0,0.0,0.0,0.0,0.0,0.0,0.0,0.0,0.0,0.0,0.0,0.0,0.0,0.0,0.0,0.0,0.0,0.0,0.0,0.0,0.0,0.0,0.0,0.0,0.0,0.0
48,0.0,0.0,0.0,0.0,0.0,0.0,0.0,0.0,0.0,0.0,0.0,0.0,0.0,0.0,0.0,0.0,0.0,0.0,0.0,0.0,41.6998191681736,1.0169491525423728,5.942064867541471,113.38521400778211,302.3529411764706,0.0,114.28571428571429,41.6998191681736,133.33333333333334,30.651340996168578,0.4419889502762431,35.767511177347245,29.699819168173597,0.0,134.83146067415728,0.0,0.0,41.6998191681736,65.11278195488723,0.0,73.70786516853933,137.5609756097561,168.14814814814812,0.0,0.0,40.30893597301959,109.164265129683,52.96596434359806,117.9220779220779,61.6998191681736,20.4201386457531,57.62114537444934,0.0,41.6998191681736,0.0,0.0,0.0,0.0,0.0,0.0,0.0,0.0,0.0,0.0,0.0,0.0,0.0
49,0.0,4.8806941431670285,0.0,0.0,7.9271873165002935,13.622603430877902,13.043478260869566,2.5041736227045077,11.904761904761907,0.0,4.00950400950401,39.705882352941174,0.0,0.0,0.0,0.0,0.0,0.0,0.0,0.0,46.87421907538526,32.892609699769054,79.88372093023256,25.12390670553936,25.904791929382096,0.0,45.14137013843801,0.0,0.0,0.0,12.206148282097649,99.21686746987952,57.86939942802669,74.34782608695652,0.0,26.541916167664674,0.0,45.1731568416192,0.0,0.0,0.0,0.0,0.0,0.0,0.0,0.0,0.0,0.0,0.0,0.0,0.0,0.0,0.0,0.0,0.0,0.0,0.0,0.0,0.0,0.0,0.0,0.0,0.0,0.0,0.0,0.0,0.0
50,0.0,20.0,19.672131147540984,36.33610900832703,58.608058608058606,18.39080459770115,54.48354143019296,25.41026998411858,28.846153846153847,0.0,0.0,666.6666666666667,0.0,0.0,3.8366237710814484,13.917077413743113,3.0037546933667088,8.611410118406887,29.003021148036257,0.0,0.0,41.96906920457809,91.44694533762058,63.399638336347195,0.0,0.0,0.0,0.0,48.9585666293393,52.018027040560845,0.0,0.0,40.54757640402013,0.0,41.08580089126156,0.0,0.0,0.0,48.543965824136706,0.0,63.399638336347195,0.0,0.0,0.0,0.0,0.0,46.306661411115485,21.290253212192894,49.05489530277306,63.399638336347195,0.0,40.64892926670993,0.0,0.0,20.65038006585098,0.0,0.0,0.0,0.0,0.0,0.0,0.0,0.0,0.0,0.0,0.0,0.0
51,0.0,8.651766402307137,0.0,0.0,7.792207792207791,13.114754098360654,6.618863761720904,14.652014652014651,17.467248908296945,0.0,8.213552361396303,103.44827586206897,0.0,0.0,0.0,0.0,0.0,0.0,0.0,0.0,0.0,0.0,0.0,0.0,0.0,0.0,0.0,0.0,0.0,0.0,0.0,0.0,0.0,0.0,0.0,0.0,0.0,0.0,0.0,0.0,0.0,0.0,0.0,0.0,0.0,0.0,0.0,0.0,0.0,0.0,0.0,0.0,0.0,0.0,0.0,0.0,0.0,0.0,0.0,0.0,0.0,0.0,0.0,0.0,0.0,0.0,0.0
52,0.0,0.0,0.0,0.0,0.0,0.0,0.0,0.0,0.0,0.0,0.0,0.0,0.0,0.0,0.0,0.0,0.0,0.0,0.0,0.0,50.3896103896104,0.0,0.0,59.73684210526316,42.03977562468128,0.0,41.91174127768042,0.0,0.0,0.0,0.0,0.0,0.0,95.81395348837208,0.0,43.97746105402718,0.0,42.67082127754285,0.0,0.0,0.0,0.0,0.0,0.0,0.0,0.0,0.0,0.0,0.0,0.0,0.0,0.0,0.0,0.0,0.0,0.0,0.0,0.0,0.0,0.0,0.0,0.0,0.0,0.0,0.0,0.0,0.0
55,0.0,14.835164835164836,0.0,14.689880304678999,14.950166112956811,0.0,6.962351727694687,0.0,0.0,17.693315858453474,7.146638433033351,6.6339066339066335,0.0,0.0,0.0,0.0,0.0,0.0,0.0,0.0,0.0,0.0,0.0,0.0,0.0,0.0,0.0,0.0,0.0,0.0,0.0,0.0,0.0,0.0,0.0,0.0,0.0,0.0,0.0,0.0,0.0,0.0,0.0,0.0,0.0,0.0,0.0,0.0,0.0,0.0,0.0,0.0,0.0,0.0,0.0,0.0,0.0,0.0,0.0,0.0,0.0,0.0,0.0,0.0,0.0,0.0,0.0
56,0.0,0.0,0.0,0.0,0.0,0.0,54.54545454545455,0.0,46.424384525205156,0.0,0.0,0.0,0.0,0.0,0.0,0.0,0.0,0.0,0.0,0.0,234.02350813743217,387.6998597475456,289.0235081374322,0.0,234.02350813743217,0.0,0.0,0.0,202.0074349442379,193.93387028401864,592.9268292682927,552.9530201342282,305.26627218934914,234.3718592964824,0.0,234.02350813743217,0.0,234.02350813743217,0.0,0.0,0.0,0.0,0.0,0.0,0.0,0.0,0.0,0.0,0.0,0.0,0.0,0.0,0.0,0.0,0.0,0.0,0.0,0.0,0.0,0.0,0.0,0.0,0.0,0.0,0.0,0.0,0.0
61,0.0,0.0,0.0,0.0,0.0,0.0,0.0,0.0,0.0,0.0,0.0,0.0,0.0,0.0,0.0,0.0,0.0,0.0,0.0,0.0,0.0,50.81047128905458,50.645355590930606,79.249547920434,0.0,101.50214592274678,0.0,0.0,51.281750016021874,85.31489111241908,0.0,0.0,50.68267928864818,0.0,342.6829268292683,0.0,0.0,0.0,0.0,0.0,0.0,0.0,0.0,0.0,0.0,0.0,0.0,0.0,0.0,0.0,0.0,0.0,0.0,0.0,0.0,0.0,0.0,0.0,0.0,0.0,0.0,0.0,0.0,0.0,0.0,0.0,0.0
62,45.754956786985254,73.2899022801303,0.0,176.1252446183953,81.81818181818183,171.7557251908397,100.22271714922049,13.70697532744441,77.31958762886599,0.0,0.0,12.371134020618557,0.0,0.0,0.0,0.0,0.0,0.0,0.0,0.0,0.0,0.0,99.11894273127754,0.0,0.0,81.374321880651,0.0,0.0,162.45487364620942,73.23026851098454,0.0,0.0,0.0,0.0,37.7200335289187,0.0,0.0,0.0,56.277026084530625,0.0,106.374321880651,106.374321880651,0.0,0.0,106.374321880651,51.097601131748725,260.1156069364162,131.374321880651,51.03355612209744,131.374321880651,26.122824527478013,131.374321880651,0.0,0.0,19.352111555369895,0.0,0.0,0.0,0.0,0.0,0.0,0.0,0.0,0.0,0.0,0.0,0.0
63,0.0,0.0,0.0,0.0,0.0,0.0,0.0,0.0,0.0,0.0,0.0,0.0,0.0,0.0,0.0,0.0,0.0,0.0,0.0,0.0,86.10108303249098,111.91950464396285,69.3298969072165,113.62672322375398,0.0,0.0,86.45200486026732,26.409840688002255,122.11538461538463,139.82035928143713,41.43385373870173,85.25264394829613,60.68376068376069,102.44755244755245,0.0,0.0,0.0,82.96703296703296,153.98613518197573,0.0,79.249547920434,79.249547920434,0.0,0.0,0.0,132.19178082191783,1.2430853378084405,27.907399331298155,132.0793433652531,51.288078830424425,0.0,102.86343612334802,0.0,0.0,71.8898212331266,0.0,0.0,0.0,0.0,0.0,0.0,0.0,0.0,0.0,0.0,0.0,0.0
65,0.0,44.44444444444444,0.0,18.526687251874723,13.57466063348416,17.262638717632555,38.32116788321168,12.612612612612612,34.65346534653465,0.0,14.994644769725099,9.03420090342009,0.0,0.0,0.0,0.0,10.408921933085502,4.865616311399444,2.7709968991225176,0.0,0.0,0.0,0.0,0.0,0.0,0.0,0.0,0.0,0.0,0.0,0.0,0.0,0.0,0.0,0.0,0.0,0.0,0.0,0.0,0.0,0.0,0.0,0.0,0.0,0.0,0.0,0.0,0.0,0.0,0.0,0.0,0.0,0.0,0.0,0.0,0.0,0.0,0.0,0.0,0.0,0.0,0.0,0.0,0.0,0.0,0.0,0.0
66,0.0,0.0,0.0,0.0,0.0,0.0,0.0,0.0,0.0,0.0,0.0,0.0,0.0,0.0,0.0,0.0,0.0,0.0,0.0,0.0,20.8499095840868,0.0,20.8499095840868,127.64705882352942,0.0,0.0,20.8499095840868,0.0,0.0,20.8499095840868,0.0,0.0,0.0,16.956521739130434,10.142375777134449,0.0,0.0,42.52032520325203,0.0,0.0,0.0,0.0,0.0,0.0,0.0,0.0,0.0,0.0,0.0,0.0,0.0,0.0,0.0,0.0,0.0,0.0,0.0,0.0,0.0,0.0,0.0,0.0,0.0,0.0,0.0,0.0,0.0
67,0.0,0.0,0.0,0.0,0.0,0.0,0.0,0.0,0.0,0.0,0.0,0.0,0.0,0.0,0.0,0.0,0.0,0.0,0.0,0.0,20.8499095840868,15.424164524421593,20.8499095840868,146.36363636363637,7.9155672823219,88.94736842105263,28.292682926829265,0.0,172.16216216216213,52.40174672489083,136.31578947368422,119.0909090909091,83.61963190184049,20.8499095840868,144.83146067415728,0.0,0.0,200.47619047619048,0.0,0.0,0.0,0.0,0.0,0.0,0.0,0.0,0.0,0.0,0.0,0.0,0.0,0.0,0.0,0.0,0.0,0.0,0.0,0.0,0.0,0.0,0.0,0.0,0.0,0.0,0.0,0.0,0.0
68,15.07537688442211,0.0,0.0,0.0,0.0,0.0,0.0,0.0,0.0,0.0,0.0,0.0,0.0,0.0,0.0,0.0,0.0,0.0,0.0,0.0,30.927835051546392,12.875536480686696,45.283018867924525,23.715415019762847,14.634146341463413,0.0,9.546539379474941,0.0,104.34782608695653,63.492063492063494,26.490066225165563,41.52249134948097,43.478260869565226,0.2682523360307596,82.19178082191782,0.0,0.0,10.771992818671453,0.0,0.0,0.0,0.0,0.0,0.0,0.0,0.0,0.0,0.0,0.0,0.0,0.0,0.0,0.0,0.0,0.0,0.0,0.0,0.0,0.0,0.0,0.0,0.0,0.0,0.0,0.0,0.0,0.0
69,14.723926380368098,0.0,0.0,0.0,0.0,0.0,0.0,0.0,0.0,0.0,0.0,0.0,8.75912408759124,0.0,0.0,0.0,0.0,0.0,0.0,0.0,10.849909584086799,43.478260869565226,68.57142857142858,4.9648324369052546,9.991673605328893,0.0,10.075566750629722,0.0,100.84033613445378,73.61963190184048,36.25377643504532,35.08771929824561,20.61855670103093,0.2799094959296494,115.38461538461539,19.83471074380165,0.0,12.332990750256938,0.0,0.0,0.0,0.0,0.0,0.0,0.0,0.0,0.0,0.0,0.0,0.0,0.0,0.0,0.0,0.0,0.0,0.0,0.0,0.0,0.0,0.0,0.0,0.0,0.0,0.0,0.0,0.0,0.0
71,26.607538802660752,0.0,0.0,0.0,0.0,0.0,0.0,0.0,0.0,0.0,0.0,0.0,0.0,0.0,0.0,0.0,0.0,0.0,0.0,0.0,5.865102639296187,8.928571428571429,67.79661016949152,16.06425702811245,13.071895424836601,0.0,31.6622691292876,0.0,45.627376425855516,35.294117647058826,13.230429988974642,7.9155672823219,14.002333722287048,0.27190537692882877,47.80876494023904,5.078290308929327,0.0,10.657193605683837,0.0,0.0,0.0,0.0,0.0,0.0,0.0,0.0,0.0,0.0,0.0,0.0,0.0,0.0,0.0,0.0,0.0,0.0,0.0,0.0,0.0,0.0,0.0,0.0,0.0,0.0,0.0,0.0,0.0
73,49.26829268292683,18.045112781954884,0.0,18.720748829953198,47.430830039525695,34.5821325648415,15.978695073235684,17.77777777777778,17.467248908296945,0.0,27.088036117381485,15.686274509803921,0.0,0.0,0.0,0.0,0.0,0.0,0.0,0.0,0.0,0.0,0.0,0.0,0.0,0.0,0.0,0.0,0.0,0.0,0.0,0.0,0.0,0.0,0.0,0.0,0.0,0.0,146.31578947368422,28.018348623853207,35.037593984962406,10.207497579194909,159.53488372093022,0.0,0.0,76.07476635514018,89.36416184971097,27.046388725778037,128.1081081081081,20.217564725505838,154.83146067415728,86.66666666666669,51.25,20.279602963791415,34.31980906921241,0.0,0.0,0.0,0.0,0.0,0.0,0.0,0.0,0.0,0.0,0.0,0.0
74,0.0,44.776119402985074,0.0,12.725344644750795,17.36613603473227,8.714596949891067,20.0,2.9843322556577965,9.677419354838708,0.0,4.225352112676056,0.0,0.0,0.0,0.0,0.0,0.0,0.0,0.0,0.0,0.0,0.0,0.0,0.0,0.0,0.0,0.0,0.0,0.0,0.0,0.0,0.0,0.0,0.0,0.0,0.0,0.0,0.0,0.0,0.0,0.0,0.0,0.0,0.0,0.0,0.0,0.0,0.0,0.0,0.0,0.0,0.0,0.0,0.0,0.0,0.0,0.0,0.0,0.0,0.0,0.0,0.0,0.0,0.0,0.0,0.0,0.0
75,0.0,41.52249134948097,0.0,20.168067226890756,34.98542274052478,23.07692307692308,25.806451612903224,20.066889632107024,11.363636363636363,0.0,20.797227036395146,0.0,0.0,0.0,0.0,0.0,0.0,0.0,0.0,0.0,0.0,0.0,0.0,0.0,0.0,0.0,0.0,0.0,0.0,0.0,0.0,0.0,0.0,0.0,0.0,0.0,0.0,0.0,0.0,0.0,0.0,0.0,0.0,0.0,0.0,0.0,0.0,0.0,0.0,0.0,0.0,0.0,0.0,0.0,0.0,0.0,0.0,0.0,0.0,0.0,0.0,0.0,0.0,0.0,0.0,0.0,0.0
77,0.0,8.456659619450317,0.0,3.4904013961605584,10.59135039717564,14.760147601476014,24.048096192384772,13.245033112582782,7.159904534606206,0.0,56.60377358490567,0.0,0.0,0.0,0.0,0.0,0.0,0.0,0.0,0.0,29.486166007905137,23.614457831325304,44.8447204968944,34.33691756272402,20.8499095840868,20.214366101573805,32.79317697228145,0.0,52.60869565217391,28.339124391938846,39.41747572815534,26.8689181453921,20.20515275332091,30.8499095840868,33.2890365448505,0.0,0.0,26.546644844517182,0.0,0.0,0.0,0.0,0.0,0.0,0.0,0.0,0.0,0.0,0.0,0.0,0.0,0.0,0.0,0.0,0.0,0.0,0.0,0.0,0.0,0.0,0.0,0.0,0.0,0.0,0.0,0.0,0.0
78,0.0,0.0,0.0,0.0,5.919105557382441,96.2566844919786,146.34146341463415,11.299435028248588,21.428571428571427,0.0,9.825327510917031,0.0,0.0,0.0,0.0,0.0,0.0,0.0,0.0,0.0,22.83375314861461,0.0,0.0,25.03919372900336,24.472049689440993,0.0,24.017857142857146,0.0,0.0,0.0,0.0,0.0,0.0,79.80066445182725,0.0,23.349460364719018,0.0,25.51808706315144,0.0,0.0,0.0,0.0,0.0,0.0,0.0,0.0,0.0,0.0,0.0,0.0,0.0,0.0,0.0,0.0,0.0,0.0,0.0,0.0,0.0,0.0,0.0,0.0,0.0,0.0,0.0,0.0,0.0
80,120.0,0.0,0.0,0.0,17.51824817518248,54.29864253393666,29.484029484029485,2.7688047992616522,34.5821325648415,0.0,10.109519797809604,0.0,0.0,0.0,0.0,0.0,0.0,0.0,0.0,0.0,28.65176640230714,0.0,0.0,121.6949152542373,90.17543859649123,43.34630350194553,30.73345259391771,0.0,0.0,0.0,0.0,0.0,0.0,20.267934891821287,0.0,140.0,0.0,29.67741935483871,97.41935483870968,23.029315960912054,20.131253691510075,82.17616580310882,29.966722129783694,0.0,0.0,83.82978723404256,33.300970873786405,40.689655172413794,119.17355371900827,20.87501822954645,20.8499095840868,47.84222737819025,0.0,20.8499095840868,35.87301587301587,0.0,0.0,0.0,0.0,0.0,0.0,0.0,0.0,0.0,0.0,0.0,0.0
83,0.0,89.82035928143713,0.0,0.0,27.93296089385475,26.26970227670753,140.18691588785046,15.592515592515591,55.970149253731336,0.0,5.255781359495445,96.15384615384615,0.0,0.0,0.0,0.0,0.0,0.0,0.0,0.0,0.0,0.0,0.0,0.0,0.0,0.0,0.0,0.0,0.0,0.0,0.0,0.0,0.0,0.0,0.0,0.0,0.0,0.0,25.740228977497036,25.041806020066893,26.10840168477056,25.347963255080263,0.0,0.0,0.0,67.13483146067416,25.73768073177928,17.483388704318937,25.213480587498577,25.207586598209218,26.0623869801085,25.77479338842975,0.0,0.0,18.334305717619603,0.0,0.0,0.0,0.0,0.0,0.0,0.0,0.0,0.0,0.0,0.0,0.0
89,0.0,0.0,0.0,0.0,0.0,0.0,0.0,0.0,0.0,0.0,0.0,0.0,0.0,0.0,0.0,0.0,0.0,0.0,0.0,0.0,0.0,31.699819168173597,31.699819168173597,0.0,0.0,0.0,0.0,25.0093808630394,33.755274261603375,2.0551464291830794,0.0,0.0,0.8899766381132496,27.699819168173597,7.458048477315103,0.0,0.0,31.699819168173597,76.3380281690141,0.0,42.6628895184136,22.102874432677766,0.0,0.0,0.0,120.0,38.91252955082742,31.699819168173597,38.2370820668693,31.699819168173597,0.0,64.03669724770641,0.0,0.0,31.699819168173597,0.0,0.0,0.0,0.0,0.0,0.0,0.0,0.0,0.0,0.0,0.0,0.0
93,122.44897959183673,0.0,0.0,0.0,0.0,0.0,0.0,0.0,0.0,0.0,0.0,0.0,0.0,0.0,0.0,0.0,0.0,0.0,0.0,0.0,6.246746486205101,5.733397037744864,3.541912632821724,4.983388704318937,5.4005400540054005,0.0,0.0,0.0,37.735849056603776,51.06382978723404,4.916018025399427,12.269938650306749,5.9880239520958085,0.27888816584549597,18.808777429467085,6.500541711809317,0.0,5.760921747479596,0.0,0.0,0.0,0.0,0.0,0.0,0.0,0.0,0.0,0.0,0.0,0.0,0.0,0.0,0.0,0.0,0.0,0.0,0.0,0.0,0.0,0.0,0.0,0.0,0.0,0.0,0.0,0.0,0.0
100,0.0,0.0,0.0,0.0,83.2282471626734,2117.6470588235293,163.9751552795031,0.0,34.545930384716044,0.0,0.0,0.0,0.0,0.0,0.0,0.0,0.0,0.0,0.0,0.0,0.0,0.0,0.0,0.0,0.0,0.0,0.0,0.0,0.0,0.0,0.0,0.0,0.0,0.0,0.0,0.0,0.0,0.0,0.0,0.0,0.0,0.0,0.0,0.0,0.0,0.0,0.0,0.0,0.0,0.0,0.0,0.0,0.0,0.0,0.0,0.0,0.0,0.0,0.0,0.0,0.0,0.0,0.0,0.0,0.0,0.0,0.0
102,77.6923076923077,0.0,0.0,0.0,0.0,0.0,0.0,0.0,0.0,0.0,0.0,0.0,0.0,0.0,0.0,0.0,0.0,0.0,0.0,0.0,34.5985401459854,13.377926421404682,10.48951048951049,89.97084548104957,66.24277456647398,9.791921664626683,48.95054282267793,29.753086419753085,39.8671096345515,14.059753954305801,6.571741511500547,18.89763779527559,1.0488135296945331,20.54813292223364,53.93258426966292,0.5290422131599251,0.0,32.58521237545884,58.523274478330656,0.0,108.36065573770492,31.699819168173597,10.3265483835855,0.0,0.0,76.07476635514018,116.77419354838707,31.699819168173597,39.52807160292921,25.93471810089021,0.0,158.72832369942196,0.0,0.0,0.0,0.0,0.0,0.0,0.0,0.0,0.0,0.0,0.0,0.0,0.0,0.0,0.0
104,0.0,0.0,0.0,0.0,68.4931506849315,43.22766570605188,79.7872340425532,10.91703056768559,34.883720930232556,0.0,20.36659877800407,0.0,0.0,0.0,0.0,0.0,0.0,0.0,0.0,0.0,0.0,0.0,0.0,0.0,0.0,0.0,0.0,0.0,0.0,0.0,0.0,0.0,0.0,0.0,0.0,0.0,0.0,0.0,0.0,0.0,0.0,0.0,0.0,0.0,0.0,0.0,0.0,0.0,0.0,0.0,0.0,0.0,0.0,0.0,0.0,0.0,0.0,0.0,0.0,0.0,0.0,0.0,0.0,0.0,0.0,0.0,0.0
106,41.67042889390519,0.0,0.0,0.0,0.0,49.84423676012461,75.59055118110236,51.282051282051285,26.43171806167401,0.0,9.419152276295133,0.0,0.0,0.0,0.0,0.0,0.0,0.0,0.0,0.0,0.0,0.0,0.0,0.0,0.0,0.0,0.0,0.0,0.0,0.0,0.0,0.0,0.0,0.0,0.0,0.0,0.0,0.0,61.690013556258464,0.0,21.761855821465275,20.568511565657165,20.55062289214674,0.0,0.0,20.537821152057724,73.9943342776204,40.641154077339216,63.399638336347195,20.539920361746642,53.399638336347195,63.399638336347195,0.0,21.15504006545227,21.22015915119363,0.0,0.0,0.0,0.0,0.0,0.0,0.0,0.0,0.0,0.0,0.0,0.0
121,0.0,0.0,0.0,0.0,0.0,0.0,0.0,0.0,0.0,0.0,0.0,0.0,0.0,0.0,20.358700920988852,0.0,20.51783097215437,10.98326359832636,58.74125874125874,0.0,0.0,0.0,0.0,0.0,0.0,0.0,0.0,89.9738219895288,0.0,0.0,0.0,0.0,0.0,0.0,0.0,0.0,0.0,0.0,80.95185995623633,0.0,61.94034637588197,55.474683544303794,0.0,0.0,0.0,161.8882175226586,96.49341142020498,61.68360864040661,46.08764519535375,58.37228714524207,0.0,83.66743916570104,0.0,0.0,71.84210526315789,0.0,0.0,0.0,0.0,0.0,0.0,0.0,0.0,0.0,0.0,0.0,0.0
122,0.0,0.0,0.0,0.0,0.0,0.0,0.0,0.0,0.0,0.0,0.0,0.0,0.0,0.0,0.0,0.0,0.0,0.0,0.0,0.0,55.98200899550225,95.0,78.25242718446601,70.63291139240506,0.0,0.0,84.80565371024736,66.73758865248227,66.66666666666667,56.872037914691944,109.2193308550186,47.3037542662116,65.0281425891182,80.0,34.383954154727796,0.0,0.0,65.0281425891182,32.4934929724102,84.30340557275542,27.699819168173597,17.246485473289596,10.317927115208839,0.0,0.0,37.0697012802276,16.816245384833856,31.699819168173597,48.43601895734597,31.699819168173597,123.74407582938389,203.20610687022904,0.0,0.0,2.5959978366684693,0.0,0.0,0.0,0.0,0.0,0.0,0.0,0.0,0.0,0.0,0.0,0.0
123,0.0,0.0,0.0,0.0,0.0,0.0,0.0,0.0,0.0,0.0,0.0,0.0,0.0,0.0,1.7636036300841385,0.0,138.328530259366,97.9591836734694,0.0,0.0,0.0,0.0,0.0,0.0,0.0,0.0,0.0,0.0,0.0,0.0,0.0,0.0,0.0,0.0,0.0,0.0,0.0,0.0,53.11117181098061,0.0,20.921605898277747,109.36416184971097,0.0,0.0,0.0,33.404124616059676,166.6490765171504,83.3996383363472,143.8961038961039,40.55619285987416,0.0,83.3996383363472,0.0,0.0,145.96026490066225,0.0,0.0,0.0,0.0,0.0,0.0,0.0,0.0,0.0,0.0,0.0,0.0
124,68.96551724137932,0.0,0.0,0.0,0.0,0.0,0.0,0.0,0.0,0.0,0.0,0.0,0.0,0.0,0.0,0.0,0.0,0.0,0.0,0.0,28.75912408759124,32.15395003376097,37.71653543307087,22.22030344147033,0.0,0.0,70.0,0.0,77.25321888412017,4.444444444444445,31.84990125082291,32.088650100738754,29.104704097116844,47.69230769230769,77.92207792207792,0.0,0.0,35.61144839549002,0.0,0.0,0.0,0.0,0.0,0.0,0.0,0.0,0.0,0.0,0.0,0.0,0.0,0.0,0.0,0.0,0.0,0.0,0.0,0.0,0.0,0.0,0.0,0.0,0.0,0.0,0.0,0.0,0.0
128,0.0,0.0,0.0,0.0,0.0,0.0,0.0,0.0,0.0,0.0,0.0,0.0,0.0,0.0,0.0,0.0,0.0,0.0,0.0,0.0,0.0,0.0,8.683068017366136,0.0,0.0,0.0,3.262642740619902,25.93625498007968,58.82352941176471,9.97506234413965,0.0,0.0,42.40282685512368,0.0,60.0,0.0,0.0,20.8499095840868,29.090909090909093,0.0,20.8499095840868,10.30134853469275,20.8499095840868,0.0,0.0,48.708133971291865,66.15384615384616,25.349977708426216,33.59003397508494,20.948616600790512,38.43601895734597,66.51162790697674,0.0,0.0,0.0,0.0,0.0,0.0,0.0,0.0,0.0,0.0,0.0,0.0,0.0,0.0,0.0
131,436.50289017341044,0.0,0.0,0.0,0.0,0.0,0.0,0.0,0.0,0.0,0.0,0.0,58.96896987191052,0.0,0.0,0.0,0.0,0.0,0.0,0.0,93.39441535776615,281.80412371134025,445.5325443786983,288.3695652173913,277.97297297297297,98.62194315928619,124.98939554612937,0.0,407.94117647058823,56.747418586179506,470.09433962264154,197.24137931034483,160.76923076923077,123.04123711340206,60.44285007422069,59.67450271247739,0.0,87.17450271247739,0.0,0.0,0.0,0.0,0.0,0.0,0.0,0.0,0.0,0.0,0.0,0.0,0.0,0.0,0.0,0.0,0.0,0.0,0.0,0.0,0.0,0.0,0.0,0.0,0.0,0.0,0.0,0.0,0.0
134,193.54838709677415,0.0,0.0,0.0,0.0,0.0,0.0,0.0,0.0,0.0,0.0,0.0,0.0,0.0,0.0,0.0,0.0,0.0,0.0,0.0,0.0,0.0,29.77667493796526,0.0,0.0,0.0,4.344677769732078,61.724137931034484,77.92207792207792,43.63636363636364,17.77777777777778,0.0,43.478260869565226,20.8499095840868,79.47019867549669,0.0,0.0,20.8499095840868,28.310249307479225,0.0,10.196692291301284,36.785714285714285,73.4920634920635,0.0,0.0,77.97101449275362,161.1764705882353,52.60869565217391,26.27286983795086,20.8499095840868,83.61963190184049,59.473684210526315,0.0,0.0,0.0,0.0,0.0,0.0,0.0,0.0,0.0,0.0,0.0,0.0,0.0,0.0,0.0
136,0.0,0.0,0.0,0.0,0.0,0.0,0.0,0.0,0.0,0.0,0.0,0.0,0.0,0.0,0.0,0.0,0.0,0.0,0.0,0.0,0.0,0.0,0.0,0.0,0.0,0.0,0.0,0.0,0.0,0.0,0.0,0.0,0.0,0.0,0.0,0.0,0.0,0.0,219.68325791855204,0.0,117.68953068592059,25.87806591348124,0.0,0.0,0.0,311.32404181184666,90.45307443365695,190.7129455909944,203.06122448979593,117.8119349005425,92.8119349005425,50.89038737786853,0.0,0.0,95.67600487210719,0.0,0.0,0.0,0.0,0.0,0.0,0.0,0.0,0.0,0.0,0.0,0.0
138,0.0,0.0,0.0,0.0,0.0,0.0,0.0,0.0,0.0,0.0,0.0,0.0,0.0,0.0,0.0,0.0,0.0,0.0,0.0,0.0,79.249547920434,129.57559681697612,60.49437707206422,57.58917278016696,0.0,0.0,0.0,0.0,131.3258130081301,138.1307268722467,0.0,159.6892138939671,52.42942414041838,0.0,50.99285120900747,0.0,54.249547920434,0.0,90.08016032064128,0.0,50.63237107534702,52.83379776129977,0.0,0.0,0.0,138.23529411764704,69.83471074380165,59.38967136150235,81.03983445421625,51.00088411430097,0.0,52.77213084457586,0.0,0.0,79.249547920434,0.0,0.0,0.0,0.0,0.0,0.0,0.0,0.0,0.0,0.0,0.0,0.0
141,21.858736059479554,0.0,0.0,0.0,0.0,0.0,0.0,0.0,0.0,0.0,0.0,0.0,0.0,0.0,0.0,0.0,0.0,0.0,0.0,0.0,17.18993409227082,28.80410858400587,21.79694519317161,45.86206896551724,20.8499095840868,35.68627450980392,0.0,0.0,22.724177071509647,66.69260700389106,23.559774547611987,45.53191489361702,46.726057906458806,41.660649819494594,36.48351648351649,18.60832137733142,6.339144215530903,19.301075268817204,111.60305343511452,0.0,55.60830860534125,41.660649819494594,44.79338842975206,0.0,0.0,33.683010262257696,28.403361344537817,38.808777429467085,60.13377926421405,27.462686567164177,80.30150753768844,50.84832904884319,0.0,20.263689900676805,57.854889589905355,0.0,0.0,0.0,0.0,0.0,0.0,0.0,0.0,0.0,0.0,0.0,0.0
142,0.0,0.0,0.0,0.0,0.0,0.0,0.0,0.0,0.0,0.0,0.0,0.0,70.31446540880503,0.0,0.0,0.0,0.0,0.0,0.0,0.0,44.242424242424235,71.06382978723404,83.47206349206348,29.375,29.699819168173597,0.0,22.030150753768844,0.0,45.08460251046025,87.22689075630254,65.71428571428571,37.857142857142854,22.5506940874036,37.2577502214349,154.81146067415727,29.699819168173597,5.59658324591638,0.0,0.0,0.0,0.0,0.0,0.0,0.0,0.0,0.0,0.0,0.0,0.0,0.0,0.0,0.0,0.0,0.0,0.0,0.0,0.0,0.0,0.0,0.0,0.0,0.0,0.0,0.0,0.0,0.0,0.0
144,0.0,0.0,0.0,0.0,0.0,0.0,0.0,0.0,0.0,0.0,0.0,0.0,58.38709677419355,0.0,0.0,0.0,0.0,0.0,0.0,0.0,23.921113689095126,20.785923241496747,22.18526162437781,36.12481857764877,18.99100899100899,0.0,66.875,0.0,198.21782178217825,51.14186851211073,75.55555555555556,69.56677685950413,92.58064516129032,52.54972875226039,52.14285714285714,78.96551724137932,0.0,60.42016806722689,121.12359550561797,112.85714285714286,45.31645569620253,20.248118435199736,75.45454545454545,0.0,0.0,155.33834586466165,72.7177700348432,10.330329779229597,185.13761467889907,21.44764355798617,26.274864376130196,20.241912723265287,0.0,10.44584251851485,65.11278195488723,0.0,0.0,0.0,0.0,0.0,0.0,0.0,0.0,0.0,0.0,0.0,0.0
145,0.0,0.0,0.0,0.0,0.0,0.0,0.0,0.0,0.0,0.0,0.0,0.0,0.0,0.0,0.0,0.0,0.0,0.0,0.0,0.0,144.0782122905028,62.93381037567084,89.76744186046511,183.9130434782609,31.699819168173597,96.67731629392972,146.984126984127,0.0,167.23926380368098,40.0501253132832,101.91126279863481,189.01408450704224,57.09428129829984,127.14285714285714,207.5,31.877848678213304,31.699819168173597,10.263155009265251,0.0,0.0,0.0,0.0,0.0,0.0,0.0,0.0,0.0,0.0,0.0,0.0,0.0,0.0,0.0,0.0,0.0,0.0,0.0,0.0,0.0,0.0,0.0,0.0,0.0,0.0,0.0,0.0,0.0
146,0.0,0.0,0.0,0.0,0.0,0.0,0.0,0.0,0.0,0.0,0.0,0.0,0.0,0.0,0.0,0.0,0.0,0.0,0.0,0.0,49.05569007263922,34.79654747225647,42.72727272727273,120.59907834101382,106.38554216867469,7.295978090766823,129.0909090909091,0.0,78.689706601467,28.484576271186445,36.8136645962733,20.863788687299895,20.413578395103254,115.61752988047807,38.542818532818536,48.673835125448036,0.0,78.25242718446601,77.27923627684964,0.0,21.34431188035624,24.843592330978808,0.0,0.0,0.0,60.26845637583892,30.050251256281406,34.92537313432835,29.80392156862745,29.966777408637874,0.0,24.43213296398892,0.0,0.0,0.0,0.0,0.0,0.0,0.0,0.0,0.0,0.0,0.0,0.0,0.0,0.0,0.0
147,51.282051282051285,0.0,0.0,0.0,0.0,0.0,0.0,0.0,0.0,0.0,0.0,0.0,0.5425445338638214,0.0,0.0,0.0,0.0,0.0,0.0,0.0,270.0,178.9403973509934,113.75,224.28571428571428,125.38461538461539,0.0,106.64259927797835,0.0,0.0,0.0,0.0,0.0,0.0,48.60548271752086,0.0,111.62790697674419,0.0,35.10383889238515,152.59668508287294,0.0,60.74702886247878,64.03669724770641,0.0,0.0,0.0,127.14285714285714,154.0782122905028,78.39416058394161,80.15037593984962,28.483563096500532,0.0,120.418410041841,0.0,0.0,130.09174311926606,0.0,0.0,0.0,0.0,0.0,0.0,0.0,0.0,0.0,0.0,0.0,0.0
149,106.93652173913044,0.0,0.0,0.0,0.0,0.0,0.0,0.0,0.0,0.0,0.0,0.0,85.73342465753426,0.0,0.0,0.0,0.0,0.0,0.0,0.0,208.97637795275588,162.85714285714283,81.69665809768638,292.3529411764706,189.1044776119403,69.89604989604989,64.03669724770641,0.0,190.2127659574468,174.81870967741935,97.9220779220779,73.8116591928251,69.48453608247422,102.47422680412372,206.02651162790698,23.397027600849256,0.0,52.388663967611336,122.56410256410257,0.0,21.34310817617102,344.32432432432427,185.1824817518248,0.0,0.0,99.20792079207921,200.45112781954887,102.19178082191782,47.334851936218676,20.407408036123513,0.0,35.831134564643804,0.0,10.535774081928786,32.72727272727273,0.0,0.0,0.0,0.0,0.0,0.0,0.0,0.0,0.0,0.0,0.0,0.0
150,0.0,0.0,0.0,0.0,0.0,0.0,0.0,0.0,0.0,0.0,0.0,0.0,0.0,0.0,0.0,0.0,0.0,0.0,0.0,0.0,28.699819168173597,20.460149165020994,20.994612515540823,31.50537634408602,0.0,0.0,0.0,0.0,31.699819168173597,20.77589226448813,20.261553869212957,41.7098191681736,20.279944998706515,41.6998191681736,31.699819168173597,0.0,0.0,0.0,0.0,0.0,0.0,0.0,0.0,0.0,0.0,0.0,0.0,0.0,0.0,0.0,0.0,0.0,0.0,0.0,0.0,0.0,0.0,0.0,0.0,0.0,0.0,0.0,0.0,0.0,0.0,0.0,0.0
163,0.0,0.0,0.0,0.0,0.0,0.0,642.8571428571429,0.0,0.0,28.692879914984058,74.48275862068965,0.0,0.0,0.0,4.715333566189312,12.170385395537526,0.0,0.0,0.0,0.0,83.70967741935485,61.83291770573566,57.593283582089555,143.3053691275168,275.51020408163265,0.0,89.15372035977106,0.0,0.0,0.0,54.284731774415405,145.18552875695732,61.584766584766584,65.7214121258634,0.0,0.0,0.0,81.58536585365853,0.0,0.0,0.0,0.0,0.0,0.0,0.0,0.0,0.0,0.0,0.0,0.0,0.0,0.0,0.0,0.0,0.0,0.0,0.0,0.0,0.0,0.0,0.0,0.0,0.0,0.0,0.0,0.0,0.0
164,0.0,0.0,0.0,0.0,0.0,0.0,172.91066282420752,0.0,0.0,26.548672566371685,0.0,0.0,0.0,0.0,34.80278422273782,0.0,16.55629139072848,6.8360487638145155,73.0816077953715,0.0,0.0,8.77577885037297,13.28609388839681,0.0,0.0,0.0,0.0,0.0,116.05415860735009,33.57582540570789,20.06688963210702,24.87562189054726,8.245155970867115,0.0,42.64392324093817,0.0,0.0,0.0,0.0,0.0,0.0,0.0,0.0,0.0,0.0,0.0,0.0,0.0,0.0,0.0,0.0,0.0,0.0,0.0,0.0,0.0,0.0,0.0,0.0,0.0,0.0,0.0,0.0,0.0,0.0,0.0,0.0
174,0.0,0.0,0.0,0.0,0.0,0.0,0.0,0.0,0.0,0.0,0.0,0.0,0.0,0.0,9.473684210526315,0.0,18.987341772151897,27.86377708978328,83.72093023255815,0.0,0.0,0.0,0.0,0.0,0.0,0.0,0.0,0.0,0.0,0.0,0.0,0.0,0.0,0.0,0.0,0.0,0.0,0.0,32.86852589641434,0.0,31.274864376130196,31.274864376130196,0.0,0.0,31.274864376130196,30.46724120029073,31.274864376130196,46.274864376130196,30.205348179246144,46.274864376130196,24.47867298578199,71.76334106728538,0.0,0.0,30.5799342741156,0.0,0.0,0.0,0.0,0.0,0.0,0.0,0.0,0.0,0.0,0.0,0.0
198,0.0,0.0,0.0,0.0,0.0,0.0,0.0,0.0,0.0,0.0,0.0,0.0,0.0,0.0,0.0,0.0,0.0,0.0,0.0,0.0,52.124773960217,42.124773960217,0.0,0.0,42.124773960217,0.0,42.124773960217,0.0,0.0,0.0,53.65329512893984,47.140221402214024,42.124773960217,42.124773960217,0.0,0.0,0.0,42.124773960217,0.0,0.0,0.0,0.0,0.0,0.0,0.0,0.0,0.0,0.0,0.0,0.0,0.0,0.0,0.0,0.0,0.0,0.0,0.0,0.0,0.0,0.0,0.0,0.0,0.0,0.0,0.0,0.0,0.0
204,0.0,0.0,0.0,0.0,0.0,0.0,0.0,0.0,0.0,0.0,0.0,0.0,0.0,0.0,0.0,0.0,0.0,0.0,0.0,0.0,0.0,0.0,0.0,0.0,0.0,0.0,0.0,0.0,0.0,0.0,0.0,0.0,0.0,0.0,0.0,0.0,0.0,0.0,0.0,0.0,30.47943746004688,0.0,0.0,0.0,0.0,0.0,0.0,0.0,0.0,0.0,0.0,0.0,0.0,0.0,0.0,0.0,0.0,0.0,0.0,0.0,0.0,0.0,0.0,0.0,0.0,0.0,0.0
221,0.0,0.0,0.0,0.0,0.0,0.0,0.0,0.0,0.0,0.0,0.0,0.0,0.0,0.0,0.0,0.0,0.0,0.0,0.0,0.0,273.2432432432432,37.4159402241594,1230.0,113.33333333333333,41.124818577648774,0.0,30.188942655903933,0.0,0.0,0.0,0.0,152.44897959183675,15.28408642540364,146.88311688311686,0.0,36.73913043478261,0.0,30.240996117284777,0.0,0.0,0.0,0.0,0.0,0.0,0.0,0.0,0.0,0.0,0.0,0.0,0.0,0.0,0.0,0.0,0.0,0.0,0.0,0.0,0.0,0.0,0.0,0.0,0.0,0.0,0.0,0.0,0.0
225,0.0,0.0,0.0,0.0,0.0,0.0,0.0,0.0,0.0,0.0,0.0,0.0,0.0,0.0,0.0,0.0,0.0,0.0,0.0,0.0,0.0,0.0,0.0,0.0,0.0,0.0,0.0,0.0,0.0,0.0,0.0,0.0,0.0,0.0,0.0,0.0,0.0,0.0,0.0,0.0,38.1374321880651,0.0,0.0,0.0,0.0,0.0,0.0,0.0,0.0,0.0,0.0,0.0,0.0,0.0,0.0,0.0,0.0,0.0,0.0,0.0,0.0,0.0,0.0,0.0,0.0,0.0,0.0
319,0.0,12.601260126012601,0.0,0.0,19.038984587488667,12.639181462533855,8.32012678288431,0.9560664693831095,4.01491253226269,0.0,0.0,21.527421834956435,0.0,0.0,0.0,0.0,0.0,0.0,0.0,0.0,0.0,0.0,0.0,0.0,0.0,0.0,0.0,0.0,0.0,0.0,0.0,0.0,0.0,0.0,0.0,0.0,0.0,0.0,57.05882352941176,0.0,46.724683544303794,46.724683544303794,0.0,0.0,0.0,51.19121048573631,50.624376869391824,110.81227436823106,65.2815699658703,36.748251748251754,18.602535832414553,35.58411214953271,0.0,0.0,40.39568345323742,0.0,0.0,0.0,0.0,0.0,0.0,0.0,0.0,0.0,0.0,0.0,0.0
320,0.0,0.0,0.0,0.0,16.98647373387858,18.23092505064146,43.54838709677419,0.0,14.029618082618862,0.0,0.0,13.151485630784217,0.0,0.0,0.0,0.0,0.0,0.0,0.0,0.0,0.0,0.0,0.0,0.0,0.0,0.0,0.0,0.0,73.22791427077888,77.47143716175587,0.0,0.0,0.0,0.0,214.81132075471697,0.0,0.0,0.0,0.0,0.0,0.0,0.0,0.0,0.0,0.0,0.0,0.0,0.0,0.0,0.0,0.0,0.0,0.0,0.0,0.0,0.0,0.0,0.0,0.0,0.0,0.0,0.0,0.0,0.0,0.0,0.0,0.0
321,0.0,19.845644983461963,0.0,0.0,62.86379511059371,57.022175290390706,109.0909090909091,14.136125654450261,100.0,0.0,8.30130668716372,29.079159935379646,0.0,0.0,0.0,0.0,10.935601458080196,0.0,0.0,0.0,0.0,0.0,0.0,0.0,0.0,0.0,0.0,0.0,0.0,0.0,0.0,0.0,0.0,0.0,0.0,0.0,0.0,0.0,0.0,0.0,0.0,0.0,0.0,0.0,0.0,0.0,0.0,0.0,0.0,0.0,0.0,0.0,0.0,0.0,0.0,0.0,0.0,0.0,0.0,0.0,0.0,0.0,0.0,0.0,0.0,0.0,0.0
322,0.0,27.379400260756192,0.0,0.0,39.92395437262358,94.5945945945946,74.20494699646643,20.46783625730994,81.71206225680935,0.0,23.12775330396476,56.30026809651474,0.0,0.0,0.0,0.0,0.0,0.0,0.0,0.0,0.0,0.0,0.0,0.0,0.0,0.0,0.0,0.0,0.0,0.0,0.0,0.0,0.0,0.0,0.0,0.0,0.0,0.0,0.0,0.0,0.0,0.0,0.0,0.0,0.0,0.0,0.0,0.0,0.0,0.0,0.0,0.0,0.0,0.0,0.0,0.0,0.0,0.0,0.0,0.0,0.0,0.0,0.0,0.0,0.0,0.0,0.0
323,0.0,67.41573033707866,0.0,0.0,8.478568064060292,6.229810798338717,152.11267605633802,4.462441120568547,47.4934036939314,0.0,33.210332103321036,212.59842519685037,0.0,0.0,0.0,0.0,0.0,0.0,0.0,0.0,0.0,0.0,0.0,0.0,0.0,0.0,0.0,0.0,0.0,0.0,0.0,0.0,0.0,0.0,0.0,0.0,0.0,0.0,0.0,0.0,0.0,0.0,0.0,0.0,0.0,0.0,0.0,0.0,0.0,0.0,0.0,0.0,0.0,0.0,0.0,0.0,0.0,0.0,0.0,0.0,0.0,0.0,0.0,0.0,0.0,0.0,0.0
324,0.0,14.859892442683273,0.0,0.0,43.64089775561097,22.151898734177216,86.06557377049181,0.0,72.21458046767538,0.0,16.47834274952919,92.75618374558303,0.0,0.0,0.0,0.0,0.0,0.0,0.0,0.0,0.0,0.0,0.0,0.0,0.0,0.0,0.0,0.0,0.0,0.0,0.0,0.0,0.0,0.0,0.0,0.0,0.0,0.0,0.0,0.0,0.0,0.0,0.0,0.0,0.0,0.0,0.0,0.0,0.0,0.0,0.0,0.0,0.0,0.0,0.0,0.0,0.0,0.0,0.0,0.0,0.0,0.0,0.0,0.0,0.0,0.0,0.0
325,0.0,0.0,0.0,0.0,0.0,0.0,0.0,0.0,0.0,0.0,0.0,0.0,0.0,11.542160949022122,26.480323648400145,26.865671641791046,15.417558886509635,77.58620689655173,58.775510204081634,0.0,0.0,0.0,0.0,0.0,0.0,0.0,0.0,0.0,0.0,0.0,0.0,0.0,0.0,0.0,0.0,0.0,0.0,0.0,0.0,0.0,0.0,0.0,0.0,0.0,0.0,0.0,0.0,0.0,0.0,0.0,0.0,0.0,0.0,0.0,0.0,0.0,0.0,0.0,0.0,0.0,0.0,0.0,0.0,0.0,0.0,0.0,0.0
326,0.0,0.0,0.0,0.0,0.0,0.0,0.0,0.0,0.0,0.0,0.0,0.0,0.0,0.0,40.63205417607223,90.68010075566751,43.715846994535525,165.51724137931035,54.58680818802122,0.0,0.0,0.0,0.0,0.0,0.0,0.0,0.0,0.0,0.0,0.0,0.0,0.0,0.0,0.0,0.0,0.0,0.0,0.0,0.0,0.0,0.0,0.0,0.0,0.0,0.0,0.0,0.0,0.0,0.0,0.0,0.0,0.0,0.0,0.0,0.0,0.0,0.0,0.0,0.0,0.0,0.0,0.0,0.0,0.0,0.0,0.0,0.0
327,0.0,0.0,0.0,0.0,0.0,0.0,0.0,0.0,0.0,0.0,0.0,0.0,0.0,9.278350515463917,2.4968789013732833,0.0,5.467800729040098,8.982035928143713,0.9956853634251577,0.0,0.0,0.0,0.0,0.0,0.0,0.0,0.0,0.0,0.0,0.0,0.0,0.0,0.0,0.0,0.0,0.0,0.0,0.0,0.0,0.0,0.0,0.0,0.0,0.0,0.0,0.0,0.0,0.0,0.0,0.0,0.0,0.0,0.0,0.0,0.0,0.0,0.0,0.0,0.0,0.0,0.0,0.0,0.0,0.0,0.0,0.0,0.0
329,0.0,0.0,0.0,0.0,0.0,0.0,0.0,0.0,0.0,0.0,0.0,0.0,0.0,0.0,0.0,0.0,0.0,0.0,0.0,0.0,357.5,163.07860262008734,229.2957746478873,106.7,83.86331444759206,0.0,185.95238095238096,0.0,209.6875,197.0205479452055,197.6512968299712,171.47058823529412,98.61233480176212,121.3538873994638,401.1538461538462,0.0,0.0,394.1666666666667,0.0,0.0,0.0,0.0,0.0,0.0,0.0,0.0,0.0,0.0,0.0,0.0,0.0,0.0,0.0,0.0,0.0,0.0,0.0,0.0,0.0,0.0,0.0,0.0,0.0,0.0,0.0,0.0,0.0
330,0.0,0.0,0.0,0.0,0.0,0.0,0.0,0.0,0.0,0.0,0.0,0.0,0.0,0.0,0.0,0.0,0.0,0.0,0.0,0.0,68.82978723404256,170.7142857142857,12.221125370187561,87.56880733944953,0.0,0.0,0.0,0.0,126.88311688311687,56.13636363636364,55.91836734693878,42.25806451612903,17.2992700729927,10.909389363099146,83.26086956521738,0.0,0.0,0.0,0.0,0.0,0.0,0.0,0.0,0.0,0.0,0.0,0.0,0.0,0.0,0.0,0.0,0.0,0.0,0.0,0.0,0.0,0.0,0.0,0.0,0.0,0.0,0.0,0.0,0.0,0.0,0.0,0.0
331,0.0,0.0,0.0,0.0,0.0,0.0,0.0,0.0,0.0,0.0,0.0,0.0,0.0,0.0,0.0,0.0,0.0,0.0,0.0,0.0,38.88457269700333,53.2608695652174,61.92307692307692,44.9869109947644,36.4873417721519,0.0,36.4873417721519,0.0,36.7792086757604,41.71785028790787,54.626168224299064,44.106678230702514,48.92572944297082,63.76712328767124,91.75675675675676,38.3955223880597,0.0,40.599999999999994,55.64896755162241,0.0,36.4873417721519,70.0,40.88530066815145,0.0,36.4873417721519,54.44444444444444,58.489932885906036,35.85998607641591,45.299166257969596,35.23643057385078,67.5,53.9873417721519,0.0,0.0,35.28077493883117,0.0,0.0,0.0,0.0,0.0,0.0,0.0,0.0,0.0,0.0,0.0,0.0
333,0.0,0.0,0.0,0.0,0.0,0.0,0.0,0.0,0.0,0.0,0.0,0.0,0.0,0.0,0.0,0.0,0.0,0.0,0.0,0.0,0.0,15.856515373352856,14.265908282971917,0.0,0.0,0.0,0.0,0.0,26.506189821182943,15.928853754940713,32.64150943396226,18.04289544235925,10.679386287720094,0.0,9.389173372348207,0.0,0.0,0.0,0.0,0.0,0.0,0.0,0.0,0.0,0.0,0.0,0.0,0.0,0.0,0.0,0.0,0.0,0.0,0.0,0.0,0.0,0.0,0.0,0.0,0.0,0.0,0.0,0.0,0.0,0.0,0.0,0.0
334,0.0,0.0,0.0,0.0,0.0,0.0,0.0,0.0,0.0,0.0,0.0,0.0,38.4375,0.0,0.0,0.0,0.0,0.0,0.0,0.0,0.0,35.02224694104561,15.490851081235853,0.0,0.0,0.0,0.0,0.0,9.400939909177316,16.821862348178136,0.0,0.0,21.177076183939604,0.0,23.774864376130196,0.0,0.0,0.0,0.0,0.0,0.0,0.0,0.0,0.0,0.0,0.0,0.0,0.0,0.0,0.0,0.0,0.0,0.0,0.0,0.0,0.0,0.0,0.0,0.0,0.0,0.0,0.0,0.0,0.0,0.0,0.0,0.0
335,0.0,0.0,0.0,0.0,0.0,0.0,0.0,0.0,0.0,0.0,0.0,0.0,0.0,0.0,0.0,0.0,0.0,0.0,0.0,0.0,26.94915254237288,14.24929178470255,36.7260579064588,60.81395348837209,54.38271604938272,0.0,37.64976958525346,0.0,21.070110701107012,13.808314820691843,0.0,0.0,0.0,49.344262295081975,5.170348077905854,7.80035335689046,0.0,22.207527975584945,12.580090303160611,0.0,10.277014704863916,15.849909584086799,0.0,0.0,0.0,57.24409448818897,17.509386733416772,39.77667493796526,23.143483023001092,10.41193230579108,0.0,17.741935483870968,0.0,0.0,15.132591958939265,0.0,0.0,0.0,0.0,0.0,0.0,0.0,0.0,0.0,0.0,0.0,0.0
336,0.0,0.0,0.0,0.0,0.0,0.0,0.0,0.0,0.0,0.0,0.0,0.0,0.0,0.0,0.0,0.0,0.0,0.0,0.0,0.0,0.0,0.0,0.0,0.0,0.0,0.0,0.0,0.0,19.127789046653145,19.404388714733543,0.0,0.0,0.0,0.0,5.202190395956192,0.0,0.0,0.0,0.0,0.0,0.0,0.0,0.0,0.0,0.0,0.0,0.0,0.0,0.0,0.0,0.0,0.0,0.0,0.0,0.0,0.0,0.0,0.0,0.0,0.0,0.0,0.0,0.0,0.0,0.0,0.0,0.0
337,0.0,0.0,0.0,0.0,0.0,0.0,0.0,0.0,0.0,0.0,0.0,0.0,0.0,0.0,0.0,0.0,0.0,0.0,0.0,0.0,0.0,0.0,0.0,0.0,0.0,0.0,0.0,0.0,226.68539325842698,125.86661642803315,0.0,0.0,0.0,0.0,110.11966701352759,0.0,0.0,0.0,0.0,0.0,0.0,0.0,0.0,0.0,0.0,0.0,0.0,0.0,0.0,0.0,0.0,0.0,0.0,0.0,0.0,0.0,0.0,0.0,0.0,0.0,0.0,0.0,0.0,0.0,0.0,0.0,0.0
338,0.0,0.0,0.0,0.0,0.0,0.0,0.0,0.0,0.0,0.0,0.0,0.0,0.0,0.0,0.0,0.0,0.0,0.0,0.0,0.0,204.75728155339806,0.0,0.0,146.88311688311686,63.271719038817,0.0,53.01790281329923,0.0,0.0,0.0,0.0,0.0,0.0,88.82352941176471,0.0,19.916689429117728,0.0,122.78350515463916,0.0,0.0,0.0,0.0,0.0,0.0,0.0,0.0,0.0,0.0,0.0,0.0,0.0,0.0,0.0,0.0,0.0,0.0,120.9090909090909,95.21739130434784,0.0,69.38730853391685,113.33333333333333,46.274864376130196,108.26086956521739,64.68208092485548,182.54237288135596,0.0,0.0
339,0.0,0.0,0.0,0.0,0.0,0.0,0.0,0.0,0.0,0.0,0.0,0.0,0.0,0.0,0.0,0.0,0.0,0.0,0.0,0.0,94.64601769911505,87.5806451612903,40.93659942363112,184.811320754717,42.108433734939766,0.0,178.63636363636365,0.0,0.0,0.0,0.0,0.0,0.0,165.0,0.0,39.86187845303867,0.0,138.28767123287673,0.0,0.0,0.0,0.0,0.0,0.0,0.0,0.0,0.0,0.0,0.0,0.0,0.0,0.0,0.0,0.0,0.0,0.0,0.0,0.0,0.0,0.0,0.0,0.0,0.0,0.0,0.0,0.0,0.0
340,0.0,0.0,0.0,0.0,0.0,0.0,0.0,0.0,0.0,0.0,0.0,0.0,115.23809523809524,0.0,0.0,0.0,0.0,0.0,0.0,0.0,54.383954154727796,0.0,0.0,220.0,41.97802197802198,0.0,28.016032064128254,0.0,0.0,0.0,0.0,0.0,0.0,275.3191489361702,0.0,373.6363636363636,0.0,61.52249134948097,0.0,0.0,0.0,0.0,0.0,0.0,0.0,0.0,0.0,0.0,0.0,0.0,0.0,0.0,0.0,0.0,0.0,0.0,70.63291139240506,40.51282051282051,0.0,29.6696212731668,26.6815144766147,30.8499095840868,59.603960396039604,12.972972972972974,126.19469026548673,0.0,0.0
341,0.0,0.0,0.0,0.0,0.0,0.0,0.0,0.0,0.0,0.0,0.0,0.0,0.0,0.0,0.0,0.0,0.0,0.0,0.0,0.0,31.45338208409506,0.0,0.0,0.0,26.450381679389313,0.0,15.353509564397658,15.637432188065098,0.0,0.0,0.0,0.0,0.0,51.885245901639344,0.0,20.901639344262296,0.0,25.044642857142858,20.74345883854499,0.0,26.363636363636363,34.99999999999999,25.71862348178138,15.306122448979592,29.563106796116504,10.644654088050315,16.158599382080332,29.82701812191104,32.71653543307086,15.412182276162126,45.303030303030305,20.758157389635315,21.189821182943604,8.137432188065098,18.56718192627824,0.0,0.0,4.201680672268908,0.0,15.576221268967283,15.208763424648001,11.211293764324665,0.0,18.088532883642497,35.17937219730941,0.0,0.0
342,0.0,0.0,0.0,0.0,0.0,0.0,0.0,0.0,0.0,0.0,0.0,0.0,0.0,0.0,0.0,0.0,0.0,0.0,0.0,0.0,20.895883777239707,0.0,0.0,0.0,18.712487899322362,0.0,53.90243902439025,0.0,0.0,0.0,0.0,0.0,0.0,15.312868949232586,0.0,11.854140914709518,0.0,10.104217327867712,0.0,0.0,0.0,0.0,0.0,0.0,0.0,0.0,0.0,0.0,0.0,0.0,0.0,0.0,0.0,0.0,0.0,0.0,0.0,0.0,0.0,0.0,0.0,0.0,0.0,0.0,0.0,0.0,0.0
343,0.0,0.0,0.0,0.0,0.0,0.0,0.0,0.0,0.0,0.0,0.0,0.0,0.0,0.0,0.0,0.0,0.0,0.0,0.0,0.0,214.07563025210084,141.58031088082902,171.1038961038961,155.0578034682081,47.93307086614173,120.33898305084745,158.92857142857144,0.0,174.0066225165563,70.79015544041451,184.5744680851064,158.92857142857144,94.6594427244582,181.25,286.62790697674416,58.7012320328542,24.03846153846154,85.8108108108108,0.0,0.0,0.0,0.0,0.0,0.0,0.0,0.0,0.0,0.0,0.0,0.0,0.0,0.0,0.0,0.0,0.0,0.0,0.0,0.0,0.0,26.41884222474461,31.213753106876553,0.0,0.0,76.13636363636364,39.81237656352864,0.0,0.0
344,0.0,0.0,0.0,0.0,0.0,0.0,0.0,0.0,0.0,0.0,0.0,0.0,0.0,0.0,0.0,0.0,0.0,0.0,0.0,0.0,101.05263157894737,0.0,0.0,0.0,58.938906752411576,0.0,31.050379303637424,81.66666666666667,0.0,0.0,0.0,0.0,0.0,472.62295081967216,0.0,113.59133126934984,0.0,192.65060240963857,203.07692307692307,534.2307692307692,105.84269662921348,134.65116279069767,267.3364485981308,0.0,81.42857142857143,157.96208530805688,190.71428571428572,130.74626865671638,216.20689655172413,75.07512520868114,297.3267326732674,351.42857142857144,79.63235294117646,15.63100329523943,116.81672025723472,0.0,0.0,0.0,0.0,0.0,0.0,0.0,0.0,0.0,0.0,0.0,0.0
345,0.0,0.0,0.0,0.0,0.0,0.0,0.0,0.0,0.0,0.0,0.0,0.0,0.0,0.0,0.0,0.0,0.0,0.0,0.0,0.0,36.86760778328882,0.0,0.0,0.0,37.66936514699617,0.0,30.69951810974662,0.0,0.0,0.0,0.0,0.0,0.0,50.618556701030926,0.0,37.17989629038692,0.0,36.854531607006855,0.0,0.0,0.0,0.0,0.0,0.0,0.0,0.0,0.0,0.0,0.0,0.0,0.0,0.0,0.0,0.0,0.0,0.0,0.0,0.0,0.0,0.0,0.0,0.0,0.0,0.0,0.0,0.0,0.0
346,0.0,0.0,0.0,0.0,0.0,0.0,0.0,0.0,0.0,0.0,0.0,0.0,0.0,0.0,0.0,0.0,0.0,0.0,0.0,0.0,55.97701149425288,0.0,0.0,0.0,40.07518796992481,0.0,10.464936071290198,76.00591715976331,0.0,0.0,0.0,0.0,0.0,94.50704225352112,0.0,15.853658536585368,0.0,31.20141342756184,96.95652173913045,0.0,119.0909090909091,40.92783505154639,64.05405405405405,0.0,35.31645569620253,108.36065573770492,106.77419354838707,48.21656050955414,88.94736842105263,10.250983016815862,124.28571428571429,122.14953271028037,27.51824817518248,15.849909584086799,30.833333333333336,22.578616352201255,0.0,45.502958579881664,61.502145922746784,10.751503006012024,143.33333333333334,0.0,0.0,41.41361256544503,35.91792656587473,48.21656050955414,81.00591715976333
347,0.0,0.0,0.0,0.0,0.0,0.0,0.0,0.0,0.0,0.0,0.0,0.0,0.0,0.0,0.0,0.0,0.0,0.0,0.0,0.0,84.1715976331361,268.9024390243903,266.9354838709677,347.5806451612903,107.64462809917354,0.0,328.030303030303,0.0,0.0,0.0,0.0,0.0,0.0,230.47945205479454,0.0,59.72222222222222,0.0,171.34146341463415,0.0,0.0,0.0,0.0,0.0,0.0,0.0,0.0,0.0,0.0,0.0,0.0,0.0,0.0,0.0,0.0,0.0,0.0,0.0,0.0,0.0,35.98498718418162,28.310527477378063,62.92667509481669,136.11111111111111,0.0,68.54136429608128,60.54502369668246,0.0
348,0.0,0.0,0.0,0.0,0.0,0.0,0.0,0.0,0.0,0.0,0.0,0.0,0.0,0.0,0.0,0.0,0.0,0.0,0.0,0.0,170.9433962264151,0.0,0.0,55.60830860534125,26.55021834061135,0.0,25.07185122569738,0.0,0.0,0.0,0.0,0.0,0.0,25.70613409415121,0.0,115.61752988047807,0.0,25.18246599006694,0.0,0.0,0.0,0.0,0.0,0.0,0.0,0.0,0.0,0.0,0.0,0.0,0.0,0.0,0.0,0.0,0.0,0.0,0.0,0.0,0.0,21.510954419541676,0.0,0.0,0.0,0.0,90.17543859649123,0.0,0.0
349,0.0,0.0,0.0,0.0,0.0,0.0,0.0,0.0,0.0,0.0,0.0,0.0,0.0,0.0,0.0,0.0,0.0,0.0,0.0,0.0,47.49097472924188,81.1764705882353,113.9010989010989,208.54838709677418,64.31506849315069,0.0,145.43478260869568,0.0,0.0,0.0,0.0,0.0,0.0,200.56701030927834,0.0,28.100436681222707,0.0,57.45283018867925,0.0,0.0,0.0,0.0,0.0,0.0,0.0,0.0,0.0,0.0,0.0,0.0,0.0,0.0,0.0,0.0,0.0,0.0,61.03580562659846,15.325927535444618,0.0,24.86842105263158,72.6923076923077,16.833367284579346,65.56179775280899,27.993779160186627,80.21739130434784,0.0,0.0
350,0.0,0.0,0.0,0.0,0.0,0.0,0.0,0.0,0.0,0.0,0.0,0.0,0.0,0.0,0.0,0.0,0.0,0.0,0.0,0.0,27.048192771084338,109.24083769633509,110.74468085106383,83.70229007633588,24.169638308711157,0.0,50.92814371257485,0.0,0.0,0.0,0.0,0.0,0.0,221.89655172413794,0.0,31.80672268907563,0.0,28.96431342125679,0.0,0.0,0.0,0.0,0.0,0.0,0.0,0.0,0.0,0.0,0.0,0.0,0.0,0.0,0.0,0.0,0.0,0.0,0.0,0.0,0.0,0.0,0.0,0.0,0.0,0.0,0.0,0.0,0.0
351,0.0,0.0,0.0,0.0,0.0,0.0,0.0,0.0,0.0,0.0,0.0,0.0,0.0,0.0,0.0,0.0,0.0,0.0,0.0,0.0,31.666589509744924,180.6276150627615,480.0,74.28044280442805,45.482641828958506,240.5263157894737,37.69559640872168,72.05229793977813,320.3225806451612,90.47169811320754,256.41509433962267,480.0,120.68010075566752,448.6046511627907,133.15186246418338,0.0,26.799410029498528,108.43137254901961,202.2488038277512,120.26315789473685,192.89592760180997,167.40458015267177,150.8490566037736,0.0,134.65116279069767,225.65217391304347,203.91304347826087,94.74820143884892,322.68292682926835,33.415235746134144,236.89655172413794,207.3399014778325,30.624219725343316,0.0,0.0,0.0,0.0,52.4159402241594,0.0,32.248313764676496,343.04347826086956,0.0,0.0,75.0,288.9928057553957,0.0,0.0
352,0.0,0.0,0.0,0.0,0.0,0.0,0.0,0.0,0.0,0.0,0.0,0.0,0.0,0.0,0.0,0.0,0.0,0.0,0.0,0.0,325.4918032786885,206.02974828375287,383.35820895522386,192.91353383458645,596.4655172413793,299.44444444444446,364.85915492957747,87.17450271247739,197.54859611231103,169.43548387096774,708.4653465346535,1277.2222222222222,108.14009661835749,788.3333333333334,510.1724137931035,614.3220338983051,64.45408734602465,666.1111111111111,288.2155477031802,382.33870967741933,297.64705882352945,113.45881310894596,365.96153846153845,0.0,194.2405063291139,280.2559726962457,347.0353982300885,258.07692307692304,251.42857142857142,114.67450271247739,138.75634517766497,230.53191489361703,0.0,0.0,0.0,0.0,0.0,331.1506276150628,0.0,84.37249666221629,60.10756848785017,0.0,227.3237597911227,0.0,106.24223602484473,395.2061855670103,0.0
353,0.0,0.0,0.0,0.0,0.0,0.0,0.0,0.0,0.0,0.0,0.0,0.0,0.0,0.0,0.0,0.0,0.0,0.0,0.0,0.0,329.85074626865674,274.5508982035928,50.82244958384051,62.36603462489695,0.0,245.3125,0.0,0.0,367.79661016949154,92.8119349005425,185.59957173447538,280.06134969325154,91.62042175360709,136.11111111111111,434.61538461538464,0.0,36.4769820971867,0.0,313.15789473684214,0.0,464.3646408839779,88.90041493775934,0.0,0.0,0.0,390.90909090909093,204.95867768595045,187.61467889908258,158.3815028901734,402.112676056338,0.0,112.29235880398672,0.0,0.0,273.2142857142857,0.0,0.0,0.0,0.0,0.0,0.0,0.0,0.0,0.0,0.0,0.0,0.0
355,0.0,0.0,0.0,0.0,0.0,0.0,0.0,0.0,0.0,0.0,0.0,0.0,0.0,0.0,0.0,0.0,0.0,0.0,0.0,0.0,0.0,192.26047283284944,595.6962025316456,145.41778193427714,0.0,0.0,0.0,0.0,0.0,0.0,327.27272727272725,0.0,525.6962025316456,394.11575562700966,0.0,0.0,0.0,0.0,75.5494384496807,0.0,0.0,156.14970520379387,0.0,0.0,0.0,0.0,149.8207326578332,271.4211212516297,310.343347639485,146.97761349005276,0.0,182.32804232804233,0.0,0.0,173.91199031085992,0.0,0.0,0.0,0.0,0.0,0.0,0.0,0.0,0.0,0.0,0.0,0.0
356,0.0,0.0,0.0,0.0,0.0,0.0,0.0,0.0,0.0,0.0,0.0,0.0,0.0,0.0,0.0,0.0,0.0,0.0,0.0,0.0,199.27640156453717,39.2985807860262,78.02650019110715,124.48863636363637,38.15987460815047,0.0,36.5889630124721,0.0,0.0,276.3793103448276,66.2993803253292,216.00231749710312,148.9240506329114,106.71314741035856,0.0,28.668941979522184,0.0,99.7814910025707,159.3830207305035,0.0,19.334114530262887,21.794624902007566,0.0,0.0,0.0,148.9240506329114,148.9240506329114,77.71161025766571,58.666416228399704,72.05161605470977,0.0,71.572444777237,0.0,0.0,200.43478260869563,0.0,0.0,0.0,0.0,0.0,0.0,0.0,0.0,0.0,0.0,0.0,0.0
357,0.0,0.0,0.0,0.0,0.0,0.0,0.0,0.0,0.0,0.0,0.0,0.0,0.0,0.0,0.0,0.0,0.0,0.0,0.0,0.0,10.384615384615385,14.111466423024213,14.519206628169721,10.948446794448117,5.443382515949454,0.0,0.0,0.0,0.0,14.264024704065879,10.436424041075206,51.09589041095891,21.274864376130196,32.19482120838471,0.0,6.263246543617096,0.0,5.213957137253503,22.640449438202246,0.0,34.556650246305416,21.274864376130196,0.0,0.0,0.0,23.56443104747551,20.638297872340424,39.07915993537964,21.274864376130196,10.210349179638198,0.0,24.251781472684083,0.0,0.0,26.274864376130196,0.0,0.0,0.0,0.0,0.0,0.0,0.0,0.0,0.0,0.0,0.0,0.0
358,0.0,0.0,0.0,0.0,0.0,0.0,0.0,0.0,0.0,0.0,0.0,0.0,0.0,0.0,0.0,0.0,0.0,0.0,0.0,0.0,77.04862059546572,105.62266076896904,81.51607298001738,118.874321880651,137.83444816053512,0.0,118.874321880651,0.0,0.0,0.0,25.541940230925967,0.0,118.874321880651,511.1842105263158,0.0,0.0,0.0,38.59142503729036,0.0,0.0,0.0,0.0,0.0,0.0,0.0,0.0,0.0,0.0,0.0,0.0,0.0,0.0,0.0,0.0,0.0,0.0,0.0,0.0,0.0,0.0,0.0,0.0,0.0,0.0,0.0,0.0,0.0
364,0.0,0.0,0.0,0.0,0.0,0.0,0.0,0.0,0.0,0.0,0.0,0.0,0.0,0.0,0.0,0.0,0.0,0.0,0.0,0.0,0.0,0.0,0.0,0.0,0.0,0.0,0.0,0.0,0.0,0.0,0.0,0.0,0.0,0.0,0.0,0.0,0.0,0.0,482.85714285714283,0.0,452.4172185430464,69.38497863728357,0.0,0.0,0.0,219.96688741721852,178.59223300970874,350.3658536585366,77.22187402068317,83.95043731778426,0.0,70.0513772558501,0.0,0.0,145.74534161490683,442.41935483870964,0.0,0.0,105.44244728655376,0.0,0.0,0.0,0.0,0.0,0.0,0.0,340.29411764705884
365,0.0,0.0,0.0,0.0,0.0,0.0,0.0,0.0,0.0,0.0,0.0,0.0,0.0,0.0,0.0,0.0,0.0,0.0,0.0,0.0,1.1275883277523406,0.60986878580669,10.19147621988882,7.735583684950774,10.23573200992556,0.0,0.35762278382244567,0.0,0.0,0.0,0.0,0.0,0.0,1.6498350164983502,0.0,0.0,0.0,0.2764884293781524,0.0,0.0,0.0,0.0,0.0,0.0,0.0,0.0,0.0,0.0,0.0,0.0,0.0,0.0,0.0,0.0,0.0,0.0,0.0,0.0,0.0,0.0,0.0,0.0,0.0,0.0,0.0,0.0,0.0
